Time,Node_ID,Event_Name,Individual_ID,Age,Gender,Infected,Infectiousness,RelativeBitingRate,TrueParasiteDensity,TrueGametocyteDensity,HasClinicalSymptoms
1,1,HappyBirthday,462,2920.29,F,0,0,0.0341457,0,0,F
1,1,HappyBirthday,690,5475.69,F,0,0,0.0728337,0,0,F
3,1,HappyBirthday,270,5840.81,M,0,0,2.32299,0,0,F
3,1,HappyBirthday,393,5840.19,F,0,0,1.5256,0,0,F
3,1,HappyBirthday,543,23725.2,F,0,0,0.324408,0,0,F
3,1,HappyBirthday,739,10950.4,F,1,0,1.28339,0,0,F
4,1,HappyBirthday,626,2190.56,F,1,0,0.0205204,0,0,F
4,1,HappyBirthday,695,2190.61,F,0,0,0.0329938,0,0,F
4,1,HappyBirthday,727,730.764,F,0,0,0.494323,0,0,F
5,1,HappyBirthday,12,1460.31,F,0,0,1.07985,0,0,F
5,1,HappyBirthday,131,16790.7,M,0,0,0.779392,0,0,F
5,1,HappyBirthday,540,1095.9,M,0,0,0.0145751,0,0,F
6,1,HappyBirthday,279,9125.18,F,0,0,0.279126,0,0,F
6,1,HappyBirthday,922,20075.7,M,0,0,0.0558415,0,0,F
7,1,HappyBirthday,24,7665.79,M,0,0,3.26939,0,0,F
7,1,HappyBirthday,51,17885.6,M,0,0,1.00899,0,0,F
7,1,HappyBirthday,95,730.357,F,0,0,0.259385,0,0,F
7,1,HappyBirthday,276,13505.7,M,0,0,2.42796,0,0,F
7,1,HappyBirthday,946,29200.4,F,0,0,0.0846754,0,0,F
8,1,HappyBirthday,864,13140.7,M,0,0,5.11624,0,0,F
9,1,HappyBirthday,489,36135.8,M,0,0,0.597096,0,0,F
9,1,HappyBirthday,974,18980.6,F,0,0,0.567739,0,0,F
11,1,HappyBirthday,385,9490.18,F,1,0,69.3045,1.42217,0,F
12,1,HappyBirthday,545,29930.3,M,0,0,0.349905,0,0,F
12,1,HappyBirthday,812,2920.31,F,0,0,13.179,0,0,F
13,1,HappyBirthday,851,14235.8,M,0,0,3.29581,0,0,F
14,1,HappyBirthday,310,14965.4,F,0,0,0.38858,0,0,F
14,1,HappyBirthday,942,1095.02,F,0,0,0.281257,0,0,F
15,1,HappyBirthday,200,365.464,F,0,0,0.117772,0,0,F
15,1,HappyBirthday,481,4380.53,M,0,0,0.295044,0,0,F
15,1,HappyBirthday,657,10220.7,M,0,0,0.693186,0,0,F
16,1,HappyBirthday,267,29930.8,F,0,0,0.508667,0,0,F
16,1,Births,1002,0,M,0,0,0.0176802,0,0,F
17,1,HappyBirthday,366,19710.4,M,1,0,1.98937,4718.4,0,F
18,1,HappyBirthday,237,5475.94,F,0,0,0.181416,0,0,F
18,1,HappyBirthday,780,10220.5,M,0,0,0.548426,0,0,F
19,1,HappyBirthday,966,27375.9,F,0,0,1.343,0,0,F
20,1,HappyBirthday,596,9125.32,M,0,0,0.380903,0,0,F
20,1,HappyBirthday,988,12410.2,F,0,0,0.0343055,0,0,F
21,1,HappyBirthday,527,1095.55,M,0,0,0.277201,0,0,F
21,1,HappyBirthday,917,5110.34,M,0,0,0.676017,0,0,F
21,1,Births,1003,0,F,0,0,0.040762,0,0,F
22,1,HappyBirthday,64,3650.32,M,1,7.0651e-06,0.651265,52773,0.0090632,F
22,1,HappyBirthday,175,16060.5,M,0,0,0.499983,0,0,F
22,1,HappyBirthday,959,4015.82,M,0,0,0.783651,0,0,F
23,1,HappyBirthday,672,12775,F,0,0,0.722679,0,0,F
24,1,HappyBirthday,339,3650.57,M,1,0.000104626,0.0232744,47059.8,0.140729,F
24,1,HappyBirthday,652,2190.46,F,1,0.000157439,7.65368,43741.1,0.208873,F
25,1,HappyBirthday,245,2190.3,F,0,0,0.0232638,0,0,F
25,1,HappyBirthday,428,2920.78,M,0,0,24.9789,0,0,F
25,1,HappyBirthday,468,365.622,M,0,0,0.233776,0,0,F
25,1,HappyBirthday,667,1460.3,F,0,0,0.266803,0,0,F
25,1,HappyBirthday,856,730.765,F,0,0,0.0920417,0,0,F
25,1,HappyBirthday,878,5475.68,M,0,0,0.0732606,0,0,F
25,1,HappyBirthday,996,10585.4,M,0,0,0.460722,0,0,F
26,1,HappyBirthday,10,12045.6,M,0,0,9.99826,0,0,F
26,1,HappyBirthday,624,1095.71,F,1,0.00487586,1.22802,17046.5,4.90823,F
27,1,HappyBirthday,625,15330.6,F,0,0,1.26719,0,0,F
28,1,HappyBirthday,899,16060.5,F,0,0,0.0613598,0,0,F
29,1,HappyBirthday,126,3650.4,F,0,0,17.2225,0,0,F
30,1,HappyBirthday,2,365.238,M,0,0,0.311352,0,0,F
30,1,HappyBirthday,151,8395.38,M,0,0,0.477669,0,0,F
30,1,HappyBirthday,692,3285.83,M,1,0.568496,0.0316671,1786.51,446.853,F
31,1,HappyBirthday,132,12045.3,M,0,0,3.64338,0,0,F
31,1,HappyBirthday,201,1825.12,F,0,0,0.624042,0,0,F
31,1,HappyBirthday,721,10221,M,0,0,0.466864,0,0,F
32,1,HappyBirthday,233,1825.19,F,0,0,0.225267,0,0,F
32,1,HappyBirthday,448,8760.41,F,0,0,1.7766,0,0,F
32,1,HappyBirthday,607,9490.68,F,1,0.683962,0.273069,599.039,591.197,F
32,1,HappyBirthday,743,8030.24,F,1,0.524717,16.1463,843.83,591.199,F
33,1,HappyBirthday,450,1825.57,M,0,0,0.212989,0,0,F
33,1,HappyBirthday,914,1460.25,M,1,0.570355,0.996025,4969.88,1799.1,F
33,1,HappyBirthday,976,4380.77,F,0,0,0.247545,0,0,F
34,1,HappyBirthday,6,9855.71,F,0,0,0.330339,0,0,F
34,1,HappyBirthday,627,14600.4,M,0,0,0.741638,0,0,F
34,1,HappyBirthday,843,1460.36,F,1,0.136437,0.0205564,13784.4,1326.74,F
34,1,Births,1004,0,F,0,0,0.157804,0,0,F
35,1,HappyBirthday,73,7300.12,M,0,0,0.142834,0,0,F
35,1,HappyBirthday,79,730.604,F,0,0,1.63039,0,0,F
35,1,HappyBirthday,89,9125.07,F,0,0,0.432638,0,0,F
35,1,HappyBirthday,538,1095.42,M,1,0.184324,0.147885,71656.1,1579.88,F
35,1,HappyBirthday,603,10950.2,F,0,0,60.2948,0,0,F
35,1,HappyBirthday,975,12045.9,M,1,0.132894,0.148504,78540.4,1777.36,F
36,1,HappyBirthday,18,14235.6,F,0,0,0.692321,0,0,F
36,1,HappyBirthday,271,2555.77,M,0,0,0.122671,0,0,F
36,1,HappyBirthday,348,10220.7,F,0,0,0.438707,0,0,F
36,1,HappyBirthday,398,2555.71,F,0,0,0.349161,0,0,F
36,1,HappyBirthday,686,4380.15,F,0,0,0.283103,0,0,F
36,1,Births,1005,0,M,0,0,0.0996113,0,0,F
37,1,HappyBirthday,85,5110.63,M,0,0,0.523621,0,0,F
37,1,HappyBirthday,478,730.104,M,0,0,1.72895,0,0,F
38,1,HappyBirthday,17,1095.3,M,0,0,0.0177208,0,0,F
38,1,HappyBirthday,733,9855.08,M,0,0,0.621572,0,0,F
38,1,HappyBirthday,855,5110.3,F,0,0,2.4631,0,0,F
39,1,HappyBirthday,579,8030.85,M,0,0,0.575971,0,0,F
39,1,HappyBirthday,731,2920.03,M,0,0,0.29147,0,0,F
39,1,HappyBirthday,926,3650.91,M,0,0,0.135117,0,0,F
40,1,HappyBirthday,365,13140.5,F,0,0,1.39966,0,0,F
40,1,HappyBirthday,547,2920.93,M,0,0,0.24741,0,0,F
41,1,HappyBirthday,78,12775.1,F,0,0,8.11613,0,0,F
41,1,HappyBirthday,589,1825.81,M,0,0,4.09781,0,0,F
41,1,HappyBirthday,700,20440.4,F,0,0,2.69465,0,0,F
41,1,HappyBirthday,771,9855.83,M,0,0,2.49388,0,0,F
42,1,HappyBirthday,98,11315.8,M,0,0,0.831797,0,0,F
42,1,HappyBirthday,288,11315,M,0,0,1.96734,0,0,F
42,1,HappyBirthday,332,15695.3,F,1,0,18.6114,0,0,F
42,1,HappyBirthday,918,24091,M,1,0,2.65819,0,0,F
42,1,HappyBirthday,928,8395.18,F,0,0,0.976816,0,0,F
43,1,HappyBirthday,331,12410.1,M,0,0,0.950814,0,0,F
43,1,HappyBirthday,892,7300.48,F,0,0,0.129591,0,0,F
44,1,HappyBirthday,174,2190.62,M,0,0,0.0100357,0,0,F
44,1,HappyBirthday,441,365.382,F,1,0.430634,0.186639,74.0376,183.013,F
44,1,HappyBirthday,588,1095.91,M,1,0.461329,0.544964,32.4557,192.573,F
44,1,HappyBirthday,814,1095.56,M,0,0,0.467701,0,0,F
44,1,HappyBirthday,835,13870.8,M,0,0,0.202439,0,0,F
44,1,HappyBirthday,836,12045,M,0,0,0.427154,0,0,F
45,1,HappyBirthday,140,1095.66,M,1,0.825729,0.0172203,278.068,547.841,F
45,1,HappyBirthday,886,2555.21,F,0,0,0.264483,0,0,F
46,1,HappyBirthday,555,3285.16,M,1,0,3.56423,0,0,F
46,1,HappyBirthday,879,9855.15,F,1,0.652234,1.05576,49.7625,328.865,F
47,1,HappyBirthday,125,7300.78,M,0,0,0.471196,0,0,F
47,1,HappyBirthday,239,10220.2,F,0,0,0.615862,0,0,F
47,1,HappyBirthday,473,19710.4,M,0,0,1.34824,0,0,F
47,1,HappyBirthday,500,9125.29,M,1,0,1.02408,0,0,F
47,1,HappyBirthday,718,14600.1,F,0,0,0.500309,0,0,F
47,1,HappyBirthday,847,5840.31,M,0,0,0.296188,0,0,F
48,1,HappyBirthday,1001,13140.2,M,1,0,23.8674,0,0,F
48,1,HappyBirthday,611,365.788,M,0,0,0.0429522,0,0,F
48,1,HappyBirthday,999,3285.51,F,0,0,0.615385,0,0,F
49,1,HappyBirthday,156,1095.58,M,0,0,0.0285811,0,0,F
50,1,HappyBirthday,546,12410.7,F,0,0,0.494206,0,0,F
50,1,HappyBirthday,987,16425.5,M,1,0,15.2318,0.199706,0,F
51,1,HappyBirthday,359,10585.2,M,1,0.825887,1.53332,3.50895,546.421,F
51,1,HappyBirthday,469,3285.14,F,1,0.847763,0.552026,55.0952,639.862,F
51,1,HappyBirthday,951,3285.12,F,0,0,0.15742,0,0,F
52,1,HappyBirthday,994,8395.23,M,0,0,0.0919357,0,0,F
53,1,HappyBirthday,289,2190.63,F,0,0,0.0182908,0,0,F
53,1,HappyBirthday,804,2920.67,F,1,0,0.850749,0,0,F
54,1,HappyBirthday,608,16790,F,0,0,0.553297,0,0,F
54,1,HappyBirthday,711,1825.05,F,0,0,0.0692408,0,0,F
54,1,HappyBirthday,883,15695.6,F,1,0,2.7909,633.481,0,F
55,1,HappyBirthday,939,20805.4,F,1,0.173969,2.31046,767.272,124.127,F
56,1,HappyBirthday,104,7300.22,M,1,0,62.9399,18029.7,0,F
56,1,HappyBirthday,114,4745.04,F,1,0.0121637,1.5893,2453.69,17.9937,F
56,1,HappyBirthday,355,31390.5,F,1,0,0.518073,84.8454,0,F
56,1,HappyBirthday,884,1825.18,F,1,0,0.969191,0,0,F
56,1,HappyBirthday,965,4745.59,F,0,0,0.0668318,0,0,F
57,1,HappyBirthday,712,11680.8,F,0,0,0.0135816,0,0,F
57,1,HappyBirthday,900,10950.4,M,1,0,2.33386,0.006,0,F
58,1,HappyBirthday,323,6205.93,F,1,0.190637,1.93113,34.8649,77.2844,F
58,1,HappyBirthday,456,7665.31,M,1,0,0.11481,0,0,F
58,1,HappyBirthday,776,10585.5,F,1,0,1.1012,0,0,F
58,1,HappyBirthday,793,2555.99,F,0,0,0.0365642,0,0,F
58,1,HappyBirthday,911,3285.58,F,1,0,0.824526,0,0,F
59,1,HappyBirthday,8,35770.7,F,1,0.194072,0.0713306,1.8528,67.27,F
59,1,HappyBirthday,226,13870.3,F,1,0.0107709,1.45955,4594.05,47.6816,F
59,1,HappyBirthday,235,13505.9,M,1,0,0.539466,0,0,F
59,1,HappyBirthday,351,2920.45,F,1,0.110652,2.57176,47.3816,39.6605,F
59,1,HappyBirthday,378,365.032,M,0,0,0.0827326,0,0,F
60,1,HappyBirthday,53,19710,F,1,0.00530781,4.53305,797.92,6.2806,F
60,1,HappyBirthday,633,21170.8,F,0,0,0.384637,0,0,F
60,1,HappyBirthday,753,1825.62,F,1,0,0.167743,0.733348,0,F
60,1,HappyBirthday,795,13140.8,M,1,0,9.11222,25642.7,0,F
60,1,Births,1006,0,M,0,0,0.0328051,0,0,F
61,1,HappyBirthday,61,3285.52,M,1,0.096873,1.30169,1100.31,77.6904,F
61,1,HappyBirthday,63,24090.3,M,1,0.00343594,15.8017,34721.4,47.2391,F
61,1,HappyBirthday,266,5840.13,F,1,0,2.39278,7.28547,0,F
61,1,HappyBirthday,371,2555.63,M,1,0,1.19809,13749.7,0,F
61,1,HappyBirthday,455,23725.1,M,1,0,1.44589,4718.44,0,F
61,1,HappyBirthday,483,7665.98,M,1,0,0.988649,10.7486,0,F
62,1,HappyBirthday,277,15330.7,F,0,0,0.00758281,0,0,F
62,1,HappyBirthday,840,6935.59,M,1,0.0553055,0.875759,6.45599,18.1163,F
63,1,HappyBirthday,9,20075.9,M,1,0,0.381287,92670.3,0,F
63,1,HappyBirthday,160,1825.33,M,0,0,0.102553,0,0,F
63,1,HappyBirthday,542,10585.3,M,1,0.00194279,0.74709,94065.4,27.8381,F
64,1,HappyBirthday,48,2190.4,M,1,0.00854048,3.62157,43344.4,39.0635,F
64,1,HappyBirthday,973,2190.91,F,0,0,0.214963,0,0,F
65,1,HappyBirthday,54,14235,F,1,0,0.778149,0,0,F
65,1,HappyBirthday,92,4745.33,F,1,5.74529e-07,4.02117,149978,0.00960787,F
65,1,HappyBirthday,225,730.071,F,0,0,0.00584068,0,0,F
65,1,HappyBirthday,311,8030.51,F,1,3.94732e-05,27.3736,118679,0.298604,F
65,1,HappyBirthday,601,6570.38,M,1,0.0182919,0.2012,697.43,11.517,F
66,1,HappyBirthday,962,12410,M,0,0,0.102017,0,0,F
67,1,HappyBirthday,666,11315.6,F,1,0,0.225727,4.9776,0,F
68,1,HappyBirthday,90,35040.6,M,1,0.0011925,10.1923,34123.5,3.5461,F
68,1,HappyBirthday,134,25185.6,M,1,0,0.516907,0.003,0,F
68,1,HappyBirthday,321,2920.38,M,1,0.00247452,2.58334,111509,26.3226,F
68,1,HappyBirthday,343,2190.22,F,0,0,0.0574207,0,0,F
68,1,HappyBirthday,679,4380.07,M,0,0,0.401945,0,0,F
69,1,HappyBirthday,451,1460.33,M,1,0,0.133872,0,0,F
69,1,HappyBirthday,550,5110.06,M,1,1.20552e-05,3.55331,197990,0.209472,F
69,1,HappyBirthday,717,13505.8,M,1,0.000481354,3.89667,124439,7.08291,F
70,1,HappyBirthday,317,13870.1,F,1,4.95582e-06,0.742095,214680,0.0509958,F
71,1,HappyBirthday,735,365.685,M,0,0,0.02194,0,0,F
72,1,HappyBirthday,35,22995.1,F,1,0.00678952,0.0382011,21.4291,2.274,F
72,1,HappyBirthday,350,18250.5,F,1,6.3192e-07,0.646959,116041,0.0065822,F
72,1,HappyBirthday,935,1825.79,M,0,0,0.0776304,0,0,F
73,1,HappyBirthday,159,9490.07,M,1,0.00182005,0.136219,79184.7,11.3576,F
73,1,HappyBirthday,998,4745.03,M,1,0,0.196965,46.4348,0,F
74,1,HappyBirthday,32,4015.02,F,1,0.250828,36.2243,15739.8,1347.2,F
74,1,HappyBirthday,373,2920.05,F,1,0,0.347092,77166.1,0,F
75,1,HappyBirthday,149,730.253,M,1,0.00238963,0.059829,166.085,0.896085,F
75,1,HappyBirthday,597,4745.9,M,1,0.30342,0.369352,3855.55,1323.67,F
76,1,HappyBirthday,257,10220.8,M,1,0.186442,2.96415,26239,1706.02,F
76,1,HappyBirthday,619,5110.2,M,1,0.00257649,0.837608,100773,18.6782,F
76,1,HappyBirthday,819,33580.1,F,1,0.331385,1.51938,35199.7,520.382,F
76,1,HappyBirthday,969,25915.1,M,1,0.158275,40.0176,39569.4,1177.56,F
77,1,HappyBirthday,386,9490.94,M,1,0.359345,0.862122,3531.84,919.696,F
77,1,HappyBirthday,553,12410.7,M,1,0,0.0682627,0.711076,0,F
77,1,HappyBirthday,675,1095.5,M,1,0.556286,1.05233,24065.3,1203.74,F
78,1,HappyBirthday,247,5110.79,M,1,0,0.355472,0.0164389,0,F
78,1,HappyBirthday,464,33945.8,F,1,0.00252294,0.639514,506.453,2.25622,F
78,1,HappyBirthday,539,12775.6,F,1,0.155785,5.92842,16626.8,1524.19,F
78,1,HappyBirthday,609,14600.8,F,1,8.5623e-05,0.308097,25853.6,0.864312,F
78,1,HappyBirthday,673,4745.99,F,0,0,0.0536009,0,0,F
78,1,HappyBirthday,816,11315.1,F,1,0.000843576,0.470464,19753.1,8.61015,F
78,1,HappyBirthday,863,1095.03,M,1,0,2.46016,184.583,0,F
79,1,HappyBirthday,315,7665.54,F,1,0.199256,4.48591,69950.6,1447.17,F
80,1,HappyBirthday,983,5475.69,M,1,0,0.121127,13.6797,0,F
81,1,HappyBirthday,186,29200,M,1,0.450533,0.673916,6539.22,637.585,F
81,1,HappyBirthday,250,3650.22,M,1,0.165946,4.39791,52461.5,1395.81,F
81,1,HappyBirthday,262,8395.89,M,0,0,0.104249,0,0,F
81,1,HappyBirthday,461,23725.7,F,1,0,0.14845,0,0,F
82,1,HappyBirthday,83,20075.4,M,1,0.154691,3.04353,47312.6,1563.06,F
82,1,HappyBirthday,676,8030.63,F,0,0,0.00658125,0,0,F
82,1,HappyBirthday,709,730.03,F,1,0.00370111,0.73609,80515.5,23.9997,F
83,1,HappyBirthday,208,5840.2,F,1,0.166464,1.5976,26211.6,1599.13,F
83,1,HappyBirthday,344,7665.54,M,1,0.0551192,0.693969,140068,515.478,F
83,1,HappyBirthday,614,1825.17,F,0,0,0.0687415,0,0,F
84,1,HappyBirthday,459,8760.33,F,1,4.95379e-06,0.507593,213613,0.050972,F
84,1,HappyBirthday,496,3285.41,M,1,0.16862,0.426404,52028.4,1759.84,F
84,1,HappyBirthday,583,16790.7,M,1,0,1.04274,92796.4,0,F
84,1,HappyBirthday,949,8395.61,M,1,0.0428323,2.10615,96741,599.166,F
85,1,HappyBirthday,106,23725.3,M,1,0.567365,8.68795,7901.26,473.98,F
85,1,HappyBirthday,706,14235.9,M,1,0.141722,5.18136,63502,762.16,F
85,1,Births,1007,0,M,0,0,9.32384,0,0,F
86,1,HappyBirthday,577,3650.53,M,1,0.122591,4.02321,28694.9,1307.1,F
86,1,HappyBirthday,708,3285.78,F,1,0.0366445,1.06669,176474,609.082,F
86,1,Births,1008,0,M,0,0,0.0228504,0,0,F
87,1,HappyBirthday,31,17155.9,F,1,0.508949,11.1042,23055.3,986.172,F
87,1,HappyBirthday,813,18250.6,F,1,0.118596,1.33467,99907.1,1183.37,F
88,1,HappyBirthday,261,12410.1,M,1,0.138316,1.83662,70446.6,1359.65,F
88,1,HappyBirthday,334,4380.19,M,1,0.154481,1.17919,26849.8,453.638,F
88,1,HappyBirthday,592,10950.2,F,1,0.798945,10.5438,58.6361,602.59,F
88,1,HappyBirthday,664,7300.17,F,1,0.0426699,1.22916,81294.1,386.143,F
89,1,HappyBirthday,677,13140.4,F,1,0.575448,0.257342,1569.91,546.095,F
89,1,Births,1009,0,M,0,0,4.20446,0,0,F
90,1,HappyBirthday,516,3650.97,F,0,0,0.109832,0,0,F
91,1,HappyBirthday,42,20805.2,M,1,0.0824611,1.59353,92463.3,600.928,F
91,1,HappyBirthday,189,10585.5,F,1,0.0564137,0.192672,6032.58,43.3973,F
91,1,HappyBirthday,562,10585.1,M,1,0.820324,11.3326,596.138,637.749,F
93,1,HappyBirthday,222,16790.3,F,1,0.132168,0.332546,106758,1052.98,F
94,1,HappyBirthday,65,21900.7,F,1,0.445975,0.536082,1587.29,272.809,F
94,1,HappyBirthday,541,2920.05,F,0,0,0.134033,0,0,F
96,1,HappyBirthday,299,3650.47,M,1,0.773776,4.69832,273.946,729.408,F
97,1,HappyBirthday,75,13870.4,F,1,0.882163,0.0614304,609.321,717.037,F
97,1,HappyBirthday,720,9125.79,M,1,0.819315,2.28673,2402.47,707.272,F
98,1,HappyBirthday,62,18615.1,M,1,0.650486,5.93492,939.964,554.919,F
98,1,HappyBirthday,314,730.246,M,1,0.278726,0.610965,77.8661,114.875,F
99,1,HappyBirthday,824,17520.5,F,0,0,0.0647129,0,0,F
100,1,HappyBirthday,605,11315.8,M,1,0.0503389,0.504332,19470.1,581.298,F
100,1,HappyBirthday,744,6570.72,M,1,0.153875,0.314385,34548.3,608.319,F
100,1,HappyBirthday,820,2555.98,F,0,0,0.0691223,0,0,F
100,1,HappyBirthday,823,23726,F,1,0,0.257265,1.42217,0,F
101,1,HappyBirthday,69,1825.77,M,1,0.587642,0.0701267,25.6527,281.116,F
101,1,HappyBirthday,379,31755.1,M,1,0.344643,15.9662,227.149,242.604,F
103,1,HappyBirthday,179,14600.7,F,1,0.083989,0.33761,32060,298.863,F
103,1,HappyBirthday,198,3650.38,F,1,0.19955,1.47884,4108.05,318.367,F
103,1,HappyBirthday,249,2190.05,F,1,0.695354,0.396329,1540.07,411.442,F
104,1,HappyBirthday,21,28105.2,F,1,0.515588,2.58227,9953,485.197,F
104,1,HappyBirthday,167,18250.9,M,1,0.444198,3.00665,190.172,241.894,F
104,1,HappyBirthday,206,1825.07,F,1,0.0964616,0.287652,100535,849.43,F
104,1,HappyBirthday,207,3285.56,F,1,0.403442,2.06588,4519.33,245.828,F
104,1,HappyBirthday,655,17155.9,M,1,0.473804,0.679282,6034.49,822.289,F
104,1,HappyBirthday,725,9490.8,M,1,0.0701952,13.4492,280.627,34.2249,F
104,1,Births,1010,0,M,0,0,0.020179,0,0,F
105,1,HappyBirthday,466,5110.27,F,1,0.917245,0.585419,41.8753,816.11,F
105,1,Births,1011,0,M,0,0,0.138046,0,0,F
106,1,HappyBirthday,302,13140.2,F,1,0.0761157,3.45868,1979.26,88.7162,F
106,1,HappyBirthday,410,730.147,F,1,0,0.110907,32438.8,0,F
106,1,HappyBirthday,549,23360.2,M,1,0.666747,0.819541,6071.98,642.433,F
106,1,HappyBirthday,774,3285.74,F,1,0.0392322,22.8738,121.534,16.0115,F
106,1,HappyBirthday,826,19345.2,M,1,0.567175,0.705727,2522.88,553.1,F
107,1,HappyBirthday,523,4745.03,M,1,0.666731,1.05631,34.1356,400.112,F
107,1,HappyBirthday,671,9125.77,F,1,0.948125,1.62685,23.8074,939.254,F
108,1,HappyBirthday,256,2190.36,M,1,0.440335,0.72334,3542.99,276.689,F
109,1,HappyBirthday,130,1095.82,F,1,0,0.204452,0.0255343,0,F
109,1,HappyBirthday,196,7665.17,F,1,9.69233e-06,0.222857,223824,0.101965,F
109,1,HappyBirthday,425,6205.48,M,1,0.822695,0.79125,35.8878,608,F
109,1,HappyBirthday,531,4380.94,F,1,0.299866,0.138761,7911.36,592.538,F
110,1,HappyBirthday,52,5840.42,M,1,0.862833,1.72017,8.00446,626.449,F
110,1,HappyBirthday,230,9490.05,M,1,0.00944065,0.515791,53949.1,13.0377,F
111,1,HappyBirthday,16,4745.4,F,1,0.0664537,0.282462,7716.93,389.487,F
111,1,HappyBirthday,88,14600.2,M,1,0.060658,45.2045,47.1811,23.8543,F
111,1,HappyBirthday,447,7665.48,F,1,0.000448506,0.20294,129288,3.85693,F
111,1,HappyBirthday,615,25550,F,1,0.330874,0.229799,2283.49,209.862,F
111,1,HappyBirthday,808,5110,F,1,0.0249132,0.15381,81042.3,330.393,F
112,1,HappyBirthday,182,29200.8,F,1,0.186826,1.4053,359.113,90.2301,F
112,1,HappyBirthday,474,23360.4,M,1,0.126393,0.587325,21118,1152.62,F
112,1,HappyBirthday,790,20440,F,0,0,0.0276968,0,0,F
112,1,HappyBirthday,920,31025.6,M,1,0.268468,0.256531,24724.4,1756.98,F
112,1,HappyBirthday,958,7300.21,M,1,0.0533628,7.99888,527.411,22.6634,F
113,1,HappyBirthday,924,2190.05,F,1,0.814496,0.756576,105.536,602.28,F
113,1,Births,1012,0,M,0,0,0.14248,0,0,F
114,1,HappyBirthday,254,3285.62,F,1,0.0600037,2.7152,131.522,26.7027,F
114,1,HappyBirthday,293,730.044,M,1,0.680883,0.334149,8600.78,862.265,F
114,1,HappyBirthday,330,10585.4,M,1,0.0712046,2.93612,152.056,28.6163,F
114,1,HappyBirthday,831,3650.74,M,1,0.555001,0.793247,4935.95,1770.56,F
115,1,HappyBirthday,635,28105.1,F,1,0.188907,0.288618,430.222,150.904,F
116,1,HappyBirthday,514,2555.94,M,1,0.70005,0.532813,230.232,418.931,F
116,1,HappyBirthday,552,2190.69,F,1,0.151803,0.198114,89461.9,1121.88,F
116,1,HappyBirthday,761,20805.3,F,1,0.134784,0.629264,60230.7,760.438,F
116,1,HappyBirthday,786,9855.95,F,1,0.224551,0.787997,4534.14,1091.63,F
117,1,HappyBirthday,56,12411,M,1,0.000296646,0.0720668,1.40157,0.0924438,F
117,1,HappyBirthday,967,2555.66,M,0,0,0.0475159,0,0,F
118,1,HappyBirthday,100,16060.8,M,1,0.0110733,3.01162,449.412,6.1906,F
118,1,HappyBirthday,305,6205.61,M,1,0.00463381,1.23204,315.885,2.21699,F
118,1,HappyBirthday,703,1460.89,F,1,0,0.0602687,0,0,F
118,1,HappyBirthday,909,1460.3,F,1,0.0552581,3.6325,44.7639,19.5035,F
119,1,HappyBirthday,308,1825.99,F,1,0.106591,0.128738,12469.3,347.475,F
119,1,HappyBirthday,621,7665.62,F,1,0.0103598,14.8359,95.9993,3.56365,F
120,1,HappyBirthday,943,1825.42,M,1,3.20798e-05,0.0394067,0.722028,0.00996587,F
121,1,HappyBirthday,23,2190.5,F,1,0.0963579,0.652433,94.6711,42.5996,F
121,1,HappyBirthday,255,30660.8,M,1,0.0440478,1.91803,1636.98,17.7155,F
121,1,HappyBirthday,391,365.185,M,1,0.824632,0.341467,752.875,866.034,F
121,1,HappyBirthday,429,16060.5,M,1,0.0446173,4.04862,95.1629,19.3219,F
121,1,HappyBirthday,785,12045.5,M,1,0.417157,0.199275,27924,819.103,F
122,1,HappyBirthday,580,31025.3,M,1,0.0285725,1.28929,146.43,11.0338,F
122,1,HappyBirthday,610,2555.56,F,1,0,0.0258951,11.9891,0,F
123,1,HappyBirthday,681,15330.3,M,1,0.283597,0.765044,17736.7,563.447,F
123,1,HappyBirthday,912,22265.8,M,1,0.00220652,1.51857,439.191,1.3041,F
124,1,HappyBirthday,195,4015.57,M,1,0.00646793,0.984785,2.52337,2.02063,F
124,1,HappyBirthday,520,11315.6,F,1,0.427749,0.634042,169.742,233.102,F
124,1,HappyBirthday,631,6205.77,F,1,0.00181604,0.35463,86963.2,13.161,F
124,1,HappyBirthday,964,8030.33,F,1,0.0905633,1.88151,154.379,37.0004,F
125,1,HappyBirthday,825,3650.99,M,1,0.174133,0.368373,70301.6,721.583,F
125,1,HappyBirthday,992,8030.35,M,1,0.624392,0.186293,514.22,324.191,F
126,1,HappyBirthday,698,6570.49,F,1,0.104242,1.27542,183.281,41.4848,F
127,1,HappyBirthday,518,10220.8,F,1,0.00217952,2.27277,214.761,1.06436,F
127,1,HappyBirthday,815,5475.58,M,1,0.0108755,9.4006,95.5987,4.07186,F
127,1,HappyBirthday,837,1095.45,M,0,0,0.0489128,0,0,F
127,1,HappyBirthday,866,11315.1,M,1,0.00539154,2.05777,245.477,2.32957,F
128,1,HappyBirthday,120,25550.3,M,1,0.00734942,11.0124,36.9187,2.34578,F
128,1,HappyBirthday,388,4380.2,M,1,0.409939,0.0809447,1988.97,663.518,F
128,1,HappyBirthday,600,3650.41,M,1,0.115684,1.28998,1647.36,50.1322,F
128,1,HappyBirthday,801,5110.19,F,1,0.0402877,3.87517,148.323,17.0444,F
128,1,HappyBirthday,874,8395.91,F,1,0.633574,0.393928,154.922,346.105,F
129,1,HappyBirthday,509,13140.6,F,1,0.0106975,2.62126,198.773,4.32872,F
130,1,HappyBirthday,102,8030.72,F,1,0.780902,0.254186,8.01311,472.044,F
130,1,HappyBirthday,248,16425.2,M,1,0.00408554,0.0587016,27.4721,1.43002,F
130,1,HappyBirthday,335,6205.98,M,1,0.0312681,0.245438,200349,336.033,F
130,1,HappyBirthday,497,10950.5,M,1,0.00286282,0.384415,117.542,1.0561,F
130,1,HappyBirthday,852,11680.7,M,1,0.00011982,0.134949,114718,1.25831,F
131,1,HappyBirthday,536,365.492,M,1,0.0114326,1.1448,72.0419,4.57022,F
131,1,HappyBirthday,628,5110.48,F,1,0.0371146,5.04541,25.218,12.8851,F
132,1,HappyBirthday,219,27740.1,F,1,0.0608346,0.506737,52.3092,21.0058,F
132,1,HappyBirthday,517,730.93,F,1,0.591772,0.197146,2586.09,1307.71,F
132,1,HappyBirthday,636,6935.23,M,1,0.251282,0.0990886,18081.5,1637.25,F
133,1,HappyBirthday,178,7300.97,M,1,0.0250864,0.231114,40.2706,8.87215,F
133,1,HappyBirthday,259,22266,F,1,0.539964,0.137295,27951.6,1251.15,F
133,1,HappyBirthday,263,13505.1,M,1,0.167938,0.88662,75456.1,1098.56,F
134,1,HappyBirthday,162,3285.4,F,1,0.0140608,4.11957,39.0545,4.43507,F
134,1,HappyBirthday,309,19710.5,M,1,0.357877,0.951644,113.679,191.551,F
134,1,HappyBirthday,392,8395.37,M,1,0.00605661,7.96778,145.695,2.45016,F
134,1,HappyBirthday,486,15330.5,M,1,0.188598,0.425407,97206,1267.63,F
134,1,HappyBirthday,554,16425.6,M,1,0.00937625,13.9292,40.0608,3.00562,F
135,1,HappyBirthday,74,11315,F,1,0.699861,0.152388,237.294,695.213,F
135,1,HappyBirthday,221,730.131,M,1,0.000921294,0.289821,51024.9,1.18559,F
135,1,HappyBirthday,885,12410.8,F,1,0.0859776,0.15754,84036.6,605.5,F
136,1,HappyBirthday,572,4380.01,F,1,0.150696,0.213757,19222.7,1312.02,F
136,1,HappyBirthday,779,2920.36,M,1,0.00830565,0.322658,380.234,4.08974,F
136,1,HappyBirthday,830,1460.57,F,1,2.44137e-05,0.0479155,17248.9,0.261986,F
136,1,HappyBirthday,867,8760.78,F,1,0.170229,0.595867,19.4453,58.9057,F
137,1,HappyBirthday,285,8395.15,F,1,0.102115,0.128882,89772.6,697.161,F
137,1,HappyBirthday,492,1460.07,F,1,0.387664,0.118619,5068.01,368.468,F
137,1,HappyBirthday,938,3650.23,F,1,0.00885084,2.519,261.339,4.89969,F
138,1,HappyBirthday,152,1460.04,M,1,0.501037,0.120301,1020.09,320.474,F
138,1,HappyBirthday,467,13870.2,F,1,0.00929823,0.586258,3635.11,3.43618,F
138,1,HappyBirthday,980,3650.13,F,1,0.752895,0.308448,5630.88,956.069,F
139,1,HappyBirthday,356,365.915,F,1,0.0100895,1.18553,151.24,4.30949,F
139,1,HappyBirthday,662,3285.12,F,1,0.362587,1.52787,1230.61,487.506,F
139,1,HappyBirthday,726,10585.3,F,1,0.0129622,2.64055,138.239,4.89884,F
139,1,HappyBirthday,880,7300.58,F,1,0.494411,0.197116,1067,741.256,F
139,1,HappyBirthday,990,9855.74,F,1,0.0101563,0.25754,206.491,4.29549,F
140,1,HappyBirthday,1000,4745.11,F,1,0.0126828,3.01573,107.12,4.57914,F
140,1,HappyBirthday,414,10220.7,F,1,0.0266885,3.92404,235.828,8.45806,F
141,1,Births,1013,0,F,0,0,0.00178098,0,0,F
142,1,HappyBirthday,275,12045.3,M,1,0.553397,0.272531,460.522,322.173,F
142,1,HappyBirthday,762,15695.9,F,1,0.918208,0.15021,43.8645,801.341,F
142,1,HappyBirthday,895,3650.92,M,1,0.0248213,0.73447,164.649,10.1462,F
143,1,HappyBirthday,417,4380.72,M,1,0.00715877,0.833755,2.91137,2.25926,F
143,1,HappyBirthday,558,5840.58,M,1,0.00210609,5.93372,25.7638,0.684041,F
143,1,HappyBirthday,574,1095.5,M,1,0.284645,0.459279,43.816,111.107,F
143,1,HappyBirthday,890,4015.24,M,1,0.178244,0.196804,13028.9,1205.81,F
144,1,HappyBirthday,199,365.238,M,1,0.664074,0.272142,15147.9,1293.18,F
144,1,HappyBirthday,372,19710.7,M,1,0.00456943,9.45117,33.7943,1.4922,F
144,1,HappyBirthday,930,21900.6,M,1,0.238045,0.538903,122.529,105.467,F
144,1,HappyBirthday,931,11315.4,F,1,0.00560827,2.18847,59.0399,1.90193,F
145,1,HappyBirthday,397,3285.82,M,1,0.453347,0.492187,41.0659,225.783,F
145,1,HappyBirthday,651,20805,F,1,0.910223,0.21983,29.2676,794.338,F
146,1,HappyBirthday,81,9490.54,F,1,0.135485,0.286364,158.422,57.4573,F
146,1,HappyBirthday,313,4380.96,M,1,0.285109,0.281389,2415.54,119.895,F
146,1,HappyBirthday,719,2920.22,F,1,0.00152346,52.9697,29.3148,0.521747,F
147,1,HappyBirthday,328,20805.4,M,1,0.0105497,2.27563,65.9314,3.66394,F
147,1,HappyBirthday,498,13505.1,M,1,0.0059399,0.63119,13.5042,1.8884,F
147,1,HappyBirthday,590,2920.6,M,1,0.0501517,0.482761,7214.04,38.1064,F
147,1,HappyBirthday,954,6935.31,F,1,0.818608,0.135307,115.356,635.787,F
148,1,HappyBirthday,57,1460.35,F,1,0.861261,0.0282812,2.24331,617.487,F
148,1,HappyBirthday,416,2555.62,M,1,0.691184,0.372673,5171.68,1253.61,F
148,1,HappyBirthday,682,1095.03,F,1,0.00928516,0.961933,170.373,3.64753,F
148,1,HappyBirthday,732,7665.42,M,1,0.964316,0.228261,330.593,1076.72,F
148,1,HappyBirthday,950,4745.93,F,1,0.0484861,0.201202,210.418,20.7682,F
148,1,HappyBirthday,982,25550.9,F,1,0.0031403,5.10148,50.1511,1.03167,F
149,1,HappyBirthday,37,13505.7,F,1,0.00683516,1.69045,11.509,2.13549,F
149,1,HappyBirthday,97,16790.2,F,1,0.00804988,3.49917,19.0663,2.52143,F
149,1,HappyBirthday,640,1825.8,M,1,0.00137491,0.391299,144.34,0.691661,F
150,1,HappyBirthday,115,2190.71,M,1,0.0295321,0.480221,23.7783,10.1937,F
150,1,HappyBirthday,183,13505.1,F,1,0.000669152,6.09024,1.12541,0.208359,F
150,1,HappyBirthday,243,1095.64,F,1,0.338173,0.49333,98.8026,176.897,F
150,1,HappyBirthday,564,10585.2,F,1,0.0114484,0.404952,2370.5,8.31077,F
150,1,HappyBirthday,756,11680.1,M,1,0.000626016,24.8368,20.9204,0.208697,F
151,1,HappyBirthday,121,8760.99,F,1,0.0042909,0.257157,132.464,1.83659,F
151,1,HappyBirthday,161,10585.5,M,1,0.00187751,16.3476,112.214,0.670791,F
151,1,HappyBirthday,209,730.188,M,1,0.450253,3.99088,22680.7,800.847,F
151,1,HappyBirthday,273,24820.5,F,1,0.00517264,4.99425,0.0473044,1.61171,F
151,1,HappyBirthday,495,4745.38,F,1,0.0928355,0.269984,150.942,43.084,F
151,1,HappyBirthday,563,24455.4,M,1,0.00285988,12.0815,49.2391,0.98671,F
151,1,HappyBirthday,768,4015.64,F,1,0.560336,0.339656,32.7702,269.857,F
151,1,Births,1014,0,M,0,0,0.082364,0,0,F
151,1,Births,1015,0,F,0,0,0.199852,0,0,F
152,1,HappyBirthday,234,4380.92,M,1,0.00146003,6.9331,123.439,0.512324,F
152,1,HappyBirthday,421,2190.66,F,1,0.185962,0.105487,136.135,85.5551,F
152,1,HappyBirthday,755,2555.85,F,1,0.00739889,0.278998,475.364,2.43346,F
153,1,HappyBirthday,446,8760.1,M,1,0.00444443,1.40922,44.8206,1.65252,F
153,1,HappyBirthday,494,5475.63,F,1,0.50775,0.134246,515.038,242.741,F
154,1,HappyBirthday,144,2190.48,F,1,0.364864,0.976031,8822.74,600.757,F
155,1,HappyBirthday,362,3285.49,M,1,0.00989784,0.0602334,49.4219,3.69471,F
155,1,HappyBirthday,426,2920.42,M,1,0.172883,0.315233,101.603,69.3839,F
155,1,HappyBirthday,653,4745.79,F,1,0.00911495,0.643275,195.14,3.8127,F
155,1,HappyBirthday,760,3650.97,F,1,0.228503,0.983633,8696.54,1345.97,F
156,1,HappyBirthday,595,15695.4,F,1,0.00350771,5.68056,0.408591,1.09278,F
157,1,HappyBirthday,40,18615.4,F,1,0.00318761,3.87824,239.438,1.37513,F
157,1,HappyBirthday,147,1460.74,M,1,0.00125206,1.28398,16.0362,0.402871,F
157,1,HappyBirthday,560,5475.88,M,1,0.00126503,37.6505,6.92606,0.405682,F
157,1,HappyBirthday,593,21900.5,M,1,0.775369,0.182722,127.373,549.897,F
157,1,HappyBirthday,791,2190.67,M,1,0.00664717,0.396266,64.196,2.29868,F
157,1,HappyBirthday,849,14600.5,M,1,0.102758,0.557239,264.534,46.7932,F
159,1,HappyBirthday,229,2555.51,M,0,0,0.0133719,0,0,F
160,1,HappyBirthday,678,6935.91,M,1,0.00348044,0.600581,102.681,1.61575,F
160,1,HappyBirthday,680,365.166,M,1,0.0319548,0.381492,29.9204,10.5916,F
161,1,HappyBirthday,307,22995.4,M,1,0.00400021,1.58087,7.70761,1.26358,F
161,1,HappyBirthday,685,9490.64,F,1,0.683313,0.258678,75.7499,397.637,F
161,1,HappyBirthday,889,5110.73,F,1,0.00207548,4.83304,7.97485,0.65463,F
161,1,HappyBirthday,907,9125.74,M,1,0.00344126,3.80796,48.9556,1.18599,F
162,1,HappyBirthday,460,1825.15,F,1,0.684945,0.186107,138.061,425.446,F
163,1,HappyBirthday,598,9855.1,F,1,0.000102393,3.21329,3.13333,0.0322878,F
163,1,HappyBirthday,788,730.995,M,1,0.32858,1.40104,1486.53,489.349,F
164,1,Births,1016,0,F,0,0,0.033505,0,0,F
165,1,HappyBirthday,582,11680.7,F,1,0.000841206,3.98946,29.8067,0.288509,F
166,1,HappyBirthday,260,2190.62,F,1,0.0570165,0.111246,38.3912,19.4461,F
166,1,HappyBirthday,280,19345.3,M,1,0.134993,0.348963,114.193,58.8192,F
166,1,HappyBirthday,281,6570.64,F,1,0.00671464,0.433194,97.6131,2.36862,F
166,1,HappyBirthday,842,8030.34,F,1,0.0121709,0.33453,156.022,4.60444,F
167,1,HappyBirthday,668,5840.33,F,1,0.00449746,1.62982,113.929,1.68264,F
168,1,HappyBirthday,757,8030.94,F,1,0.78649,1.44197,3358.83,1149.87,F
168,1,HappyBirthday,811,1095.03,F,1,0.321971,0.18401,88.3848,169.919,F
168,1,HappyBirthday,894,15330.8,M,1,0.0606574,0.205302,157.005,25.1617,F
169,1,HappyBirthday,153,365.941,M,1,0.373616,0.00907781,329.094,198.448,F
169,1,HappyBirthday,376,20075.9,F,1,0.0055853,5.86139,74.5045,1.94888,F
169,1,HappyBirthday,493,365.226,F,1,0.0155962,0.0208016,183.75,6.22041,F
169,1,HappyBirthday,642,365.046,F,1,0.000414426,0.2389,0,0.128539,F
169,1,HappyBirthday,699,4380.37,M,1,0.147564,0.187498,111.241,58.803,F
170,1,HappyBirthday,647,3650.69,M,1,0.0360143,0.119983,124.884,15.1971,F
170,1,HappyBirthday,777,11315.5,M,1,4.32777e-06,3.8043,108039,0.0662614,F
170,1,HappyBirthday,893,25550.4,F,1,0.00937511,0.831253,24.1248,3.01899,F
171,1,HappyBirthday,799,2555.96,M,1,0.155851,0.142362,56.7578,55.6912,F
172,1,HappyBirthday,338,12775.9,F,1,0.000828692,1.02987,5.90935,0.261288,F
173,1,HappyBirthday,403,13870.6,M,1,0.00482313,0.500392,16.5833,1.62749,F
173,1,HappyBirthday,632,3650.89,M,1,0.00760293,0.287754,162.177,2.97639,F
174,1,HappyBirthday,401,9855.15,M,1,0.00173586,2.90083,21.2182,0.567143,F
174,1,HappyBirthday,663,13870.8,F,1,0.003967,0.283338,165.102,1.63559,F
174,1,HappyBirthday,818,8760.11,M,1,0.0935434,0.173882,28.2846,34.3951,F
176,1,HappyBirthday,453,8030.93,M,1,0.00801713,2.15966,9.71745,2.61124,F
176,1,HappyBirthday,471,2190.39,M,1,0.00125602,0.697577,2890.6,0.781798,F
177,1,HappyBirthday,137,1461,M,1,4.51462e-06,0.593157,0.223095,0.00139643,F
177,1,HappyBirthday,240,16425,M,1,0.00735209,0.352423,31.9195,2.61675,F
177,1,HappyBirthday,515,7300.79,F,1,0.0018627,1.80454,54.9748,0.688375,F
177,1,HappyBirthday,650,2190,M,1,0.494025,0.102782,11382,644.742,F
177,1,Births,1017,0,M,0,0,0.104668,0,0,F
178,1,HappyBirthday,86,8760.48,M,1,0.0648741,0.119608,3292.84,27.383,F
178,1,HappyBirthday,422,16425.6,M,1,0.00399361,1.1129,36.8046,1.32715,F
178,1,HappyBirthday,979,23360.4,F,1,0.00094676,2.95018,46506.2,1.28134,F
180,1,HappyBirthday,82,1460.84,F,1,3.54985e-05,0.415692,53469.5,0.0453332,F
180,1,HappyBirthday,408,18615.2,M,1,0.0377475,3.58932,23.6679,13.236,F
180,1,HappyBirthday,534,13505.5,M,1,0.00167273,19.3691,2.09158,0.520612,F
180,1,HappyBirthday,697,730.869,M,0,0,0.0174144,0,0,F
180,1,HappyBirthday,702,24455.2,M,1,2.39823e-05,6.61364,1.05152,0.007488,F
180,1,HappyBirthday,829,16790.3,F,1,0.0014876,1.4333,23.5569,0.494362,F
180,1,HappyBirthday,984,9855.14,F,1,0.0222216,4.97174,97.5106,8.14887,F
181,1,HappyBirthday,142,5475.31,M,1,0.337446,0.230798,47417,1776.02,F
181,1,HappyBirthday,360,24820,M,1,0.00137341,2.0135,22.975,0.440199,F
181,1,HappyBirthday,407,2920.52,F,1,0.000541172,2.22371,2.77737,0.169097,F
181,1,HappyBirthday,764,9490.6,F,1,0.00281785,2.0068,136.045,1.08578,F
182,1,HappyBirthday,169,5110.59,M,1,0.000818709,5.42925,7.39908,0.263333,F
182,1,HappyBirthday,629,365.348,F,1,0.106702,4.39945,189295,1156.02,F
183,1,HappyBirthday,568,14600.9,M,1,0.0036661,0.895725,137.691,1.39839,F
183,1,HappyBirthday,701,25915,F,1,0.00214349,2.48269,31.7406,0.703218,F
183,1,HappyBirthday,881,18250.1,F,1,0.0295201,8.06619,30.3036,9.79695,F
183,1,HappyBirthday,906,3285.58,F,0,0,0.045394,0,0,F
184,1,HappyBirthday,418,10585.6,F,1,0.00743299,0.238925,73.1887,2.75806,F
184,1,HappyBirthday,977,1460.51,M,1,0.0014438,0.515252,113.226,0.523377,F
185,1,HappyBirthday,861,14601,M,1,0.00459603,5.196,20.3779,1.4963,F
185,1,HappyBirthday,948,11680.8,F,1,0.0133752,0.1502,105.18,4.80656,F
186,1,HappyBirthday,5,1460.97,F,1,0.000239277,0.797746,1.43567,0.0744538,F
186,1,HappyBirthday,374,6570.26,F,1,0.000428309,3.82962,118240,3.38686,F
186,1,HappyBirthday,643,18250.3,F,1,0.000926436,109.19,28.3081,0.299797,F
186,1,HappyBirthday,763,5110.36,M,1,0.000320442,1.1778,17.3689,0.107896,F
187,1,HappyBirthday,36,6935.95,M,1,0.000453768,4.41965,43.6961,0.153422,F
187,1,HappyBirthday,569,2920.49,F,1,0.00140698,4.61178,0.770796,0.438405,F
187,1,Births,1018,0,M,0,0,0.173775,0,0,F
188,1,HappyBirthday,286,8395.38,F,1,0.000216446,0.134895,22.6987,0.071157,F
188,1,HappyBirthday,508,4380.65,F,1,0.000409656,0.266295,23.7815,0.138036,F
188,1,HappyBirthday,807,1460.57,F,1,0.455801,0.0746683,25085.3,963.768,F
188,1,HappyBirthday,860,12410.9,F,1,0.00112565,1.47663,16.7161,0.359998,F
189,1,HappyBirthday,84,7300.22,F,1,0.00206318,1.63812,16.8684,0.690606,F
189,1,HappyBirthday,193,365.089,M,1,0.00407714,0.135866,53.8606,1.61348,F
189,1,HappyBirthday,997,730.117,F,1,5.01953e-05,1.17582,216896,0.552395,F
189,1,HappyBirthday,916,6935.84,F,1,0.23939,5.77721,22.8234,93.8702,F
189,1,HappyBirthday,927,11315.7,M,1,0.00188805,1.65114,147.21,0.699278,F
190,1,HappyBirthday,533,2190.82,M,1,0.00121908,0.71315,7.1795,0.392906,F
190,1,Births,1019,0,F,0,0,4.47945,0,0,F
191,1,HappyBirthday,449,9855.32,M,1,4.65729e-05,0.843338,232092,0.499699,F
191,1,HappyBirthday,904,35405.5,F,1,0.526902,1.49575,14.6861,248.659,F
191,1,Births,1020,0,M,0,0,0.38231,0,0,F
192,1,HappyBirthday,194,14600.5,F,1,0.00158537,0.404855,2.0632,0.498134,F
192,1,HappyBirthday,406,7300.69,F,1,0.00200231,0.864681,24957.3,2.3067,F
192,1,HappyBirthday,526,5110.64,M,1,0.000765666,0.160163,7.33434,0.24578,F
192,1,HappyBirthday,862,2920.64,F,1,0.000233764,0.244647,13.9997,0.077658,F
192,1,Births,1021,0,F,0,0,0.0371624,0,0,F
193,1,HappyBirthday,13,7300.67,M,1,0.00242,2.3814,5.64819,0.773811,F
193,1,HappyBirthday,67,5475.77,M,1,0.000181337,0.59929,53798.1,0.235675,F
193,1,HappyBirthday,107,9125.54,M,1,0.000458311,2.35841,100.615,0.164218,F
193,1,Births,1022,0,M,0,0,0.0859771,0,0,F
194,1,HappyBirthday,634,6935.88,F,1,0.000321621,0.574198,56592.9,0.423389,F
195,1,HappyBirthday,482,2190.02,M,1,0.0297592,2.1458,6354.99,78.4864,F
195,1,HappyBirthday,485,4745.4,M,1,0.00817363,0.33253,73.845,2.75589,F
195,1,HappyBirthday,871,1460.98,F,1,0.483044,2.8362,1092.09,779.266,F
195,1,Births,1023,0,M,0,0,0.424093,0,0,F
195,1,Births,1024,0,M,0,0,0.223695,0,0,F
196,1,HappyBirthday,11,2920.6,M,1,0.000727786,2.20996,22.118,0.233504,F
196,1,HappyBirthday,50,3285.12,F,1,0.00235133,0.301065,938.388,1.69662,F
196,1,HappyBirthday,204,7300.19,F,1,0.00222896,1.08962,0.341075,0.693232,F
196,1,HappyBirthday,419,2920.86,M,1,0.00478878,5.07827,0.0105052,1.49157,F
196,1,HappyBirthday,908,4015.61,M,1,0.00570887,0.25388,11.5666,1.82033,F
197,1,HappyBirthday,622,2555.78,F,0,0,0.00920343,0,0,F
197,1,HappyBirthday,809,11680.6,M,1,0.00189168,4.37029,42.2103,0.684697,F
197,1,HappyBirthday,854,8395.26,M,1,0.000914612,0.72478,3.55544,0.284336,F
198,1,HappyBirthday,433,16790.3,M,1,0.00234492,3.95836,40.1395,0.774464,F
199,1,HappyBirthday,400,19345.9,F,1,2.50144e-05,0.269926,0.26148,0.00777,F
199,1,HappyBirthday,940,1095.41,M,1,0.187208,47.693,6654.94,490.207,F
199,1,HappyBirthday,955,12410.4,F,1,0.000563804,0.59889,23.7624,0.194324,F
199,1,HappyBirthday,989,2555.78,M,1,0.231558,2.0955,6484.27,1428.88,F
200,1,HappyBirthday,981,4380.67,F,1,0.000291657,0.202249,15.171,0.0958351,F
201,1,HappyBirthday,39,1825.96,M,1,0.00380986,0.0456856,124.895,1.61185,F
201,1,HappyBirthday,253,3650.34,M,1,0.399305,2.09682,595.657,492.722,F
201,1,HappyBirthday,491,10220.6,M,1,0.00768125,0.158567,12.7415,2.53019,F
201,1,HappyBirthday,616,23725,M,0,0,0.016856,0,0,F
202,1,HappyBirthday,734,3650.17,F,1,0.575753,2.23833,5528.46,345.603,F
203,1,HappyBirthday,139,21900.3,M,1,0.00203244,1.84133,3.38715,0.640896,F
203,1,HappyBirthday,337,32485.4,F,1,0.00389215,0.30299,4.76724,1.24121,F
203,1,HappyBirthday,792,12775.7,M,1,0.00494595,0.505545,9.30583,1.61287,F
203,1,HappyBirthday,887,8395.8,F,1,0.0013439,0.362964,76.4939,0.510648,F
204,1,HappyBirthday,349,26645.8,F,1,0.559165,2.57363,33568.8,1068.64,F
204,1,HappyBirthday,499,365.899,F,1,0.122194,0.368391,43.6095,45.7327,F
204,1,HappyBirthday,767,5840.39,F,1,0.00112652,0.201392,0.408532,0.350254,F
205,1,HappyBirthday,25,8760.04,M,1,0.00390854,0.1146,35.3154,1.29096,F
205,1,HappyBirthday,341,6935.68,M,1,0.000967997,0.30603,1.0452,0.302442,F
205,1,HappyBirthday,821,18250.7,F,1,0.00467927,0.691175,60.871,1.62386,F
206,1,HappyBirthday,412,14600,M,1,0.0304593,0.812936,269.347,21.5862,F
208,1,HappyBirthday,252,6570.09,F,1,0.854628,1.75002,1720.22,1817.31,F
208,1,HappyBirthday,902,5110.27,F,1,0.00302146,2.11561,19546.3,3.19494,F
209,1,HappyBirthday,108,16060.1,F,1,0.000768726,0.410382,1.12935,0.239383,F
209,1,HappyBirthday,639,7665.37,M,1,0.0011065,0.051275,0.0687058,0.34412,F
209,1,HappyBirthday,978,8395.95,F,1,0.0048191,2.06254,18.2071,1.62374,F
211,1,HappyBirthday,28,35770.3,M,1,0.00207131,3.92205,0.569315,0.646023,F
211,1,HappyBirthday,117,18980.3,F,1,8.07601e-05,0.116753,3.95151,0.0254822,F
212,1,HappyBirthday,368,365.847,M,1,0.00188886,1.63859,61.4688,0.638467,F
213,1,HappyBirthday,122,28835,F,1,0.0132686,0.526135,15.5646,4.46569,F
213,1,HappyBirthday,146,12045.2,F,1,0.00061435,0.231818,14.6385,0.202686,F
213,1,HappyBirthday,158,5840.14,M,1,0,0.996919,25601.5,0,F
213,1,HappyBirthday,857,2190.94,F,1,0.00201542,0.0216047,15.4695,0.674422,F
214,1,HappyBirthday,591,7665.04,F,1,0.00189727,0.275636,79.7075,0.730414,F
214,1,HappyBirthday,637,1460.56,M,1,0.944527,4.37962,5322.09,1424.92,F
215,1,HappyBirthday,218,13505.5,F,1,0.907282,2.0006,97.8049,779.114,F
215,1,HappyBirthday,336,21535,F,1,0.000315865,0.511516,5.29584,0.099401,F
215,1,HappyBirthday,612,5475.96,M,1,0.00366351,9.07195,10.4854,1.20047,F
216,1,HappyBirthday,133,10585.4,F,1,0.000173963,0.259463,23.4729,0.0557994,F
216,1,HappyBirthday,217,17155.5,F,1,0.0023038,0.0803065,30.1167,0.788924,F
216,1,HappyBirthday,501,8030.49,M,1,0.000367842,0.300612,2.01756,0.114927,F
216,1,HappyBirthday,584,24090.7,F,1,7.73589e-05,1.56133,8.48407,0.024345,F
216,1,HappyBirthday,859,365.904,F,1,0.000150458,0.377703,26.1249,0.0489902,F
217,1,HappyBirthday,141,1095.5,F,1,0.000662205,0.041029,46.6825,0.222036,F
217,1,HappyBirthday,297,17886,M,1,0.000877469,6.46442,17.8578,0.296913,F
217,1,HappyBirthday,561,9855.59,F,1,0.00132316,0.859418,38.1026,0.456951,F
217,1,HappyBirthday,832,5475.59,M,1,0.00174922,1.12364,13.5002,0.576336,F
218,1,HappyBirthday,440,6935.15,F,1,0.0980686,0.714491,4.59278,32.6279,F
218,1,HappyBirthday,445,2555.49,F,1,0.797194,4.05213,1342.77,517.073,F
218,1,HappyBirthday,613,15330.6,F,1,0.00284898,0.13594,55.8068,0.984001,F
219,1,HappyBirthday,405,2920.07,F,1,0.140489,1.32979,64693.2,825.983,F
219,1,HappyBirthday,747,1825.84,M,1,0.00102364,0.242428,12.963,0.325113,F
220,1,HappyBirthday,354,1095.29,F,1,0.00422157,0.490072,74.1322,1.79592,F
220,1,HappyBirthday,420,13870.9,F,1,0.00722025,0.078378,11.7243,2.36434,F
220,1,HappyBirthday,430,8760.52,M,1,0.00102933,0.266386,26447.7,1.18889,F
221,1,HappyBirthday,599,1825.38,M,1,0.00923399,0.189294,4.68449,2.90125,F
221,1,HappyBirthday,724,10220.9,F,1,0.112737,1.02262,49296.3,152.283,F
221,1,HappyBirthday,759,2920.17,M,1,0.169627,7.99091,11000.2,1394.52,F
221,1,HappyBirthday,919,1460.27,M,1,0.00179446,0.0602284,0.818518,0.559945,F
223,1,HappyBirthday,55,15695.5,M,1,0.0201997,7.77426,10021.9,17.2924,F
223,1,HappyBirthday,99,9125.98,M,1,2.91698e-05,0.544474,39.6475,0.0097364,F
223,1,HappyBirthday,319,4015.99,M,1,0.00135494,0.0936105,162.353,0.535351,F
223,1,HappyBirthday,748,8395.71,F,1,1.37011e-05,0.754531,23.4302,0.004429,F
224,1,HappyBirthday,72,14235.5,F,1,0.00114154,0.213397,45.1474,0.387258,F
224,1,HappyBirthday,284,16790.1,M,1,0.499545,0.101331,212.385,364.553,F
224,1,HappyBirthday,566,4380.44,M,1,0.0418924,1.42239,65.6617,14.4305,F
224,1,HappyBirthday,850,1825.07,M,1,0.00132846,0.0796098,6.77161e-06,0.41289,F
225,1,HappyBirthday,389,7300.87,M,1,0.00215846,1.26268,0.212497,0.671544,F
225,1,HappyBirthday,784,19710.2,M,1,0.000621733,0.374878,26.5785,0.216231,F
226,1,HappyBirthday,754,5840.73,M,1,0.0878816,0.997507,20.6364,31.1466,F
228,1,HappyBirthday,963,8395.56,F,1,3.92874e-06,0.370393,7152.84,0.0233968,F
229,1,HappyBirthday,404,3285.19,M,1,0.00161416,0.0889808,0.208639,0.502295,F
230,1,HappyBirthday,384,12775.3,F,1,0.0390801,0.219771,84.3652,15.5234,F
230,1,HappyBirthday,658,365.114,M,1,1.4947e-05,0.149679,0.177513,0.00462831,F
230,1,HappyBirthday,970,9490.64,F,1,1.03192e-06,0.564747,20829.4,0.0119556,F
231,1,HappyBirthday,865,365.156,M,1,0.0022148,0.160672,13.33,0.7313,F
231,1,HappyBirthday,921,3650.63,M,1,0.0671392,2.23293,56.4513,25.2659,F
232,1,HappyBirthday,300,7666,M,1,0.872245,2.40507,1336.91,1910.29,F
232,1,HappyBirthday,715,5840.67,F,1,0.00111192,0.274907,23.3414,0.355295,F
232,1,HappyBirthday,800,7300.84,F,1,0.814909,2.67483,12.45,526.286,F
233,1,HappyBirthday,228,28835.6,M,1,0.17836,0.193576,3717.34,127.948,F
233,1,HappyBirthday,587,29565.1,M,1,0.0488191,24.3079,16331.8,49.9501,F
233,1,HappyBirthday,674,1095.95,F,1,0.00170951,0.0790912,5.79484,0.54807,F
233,1,HappyBirthday,875,2555.28,M,1,0.0374175,1.34224,2808.64,55.1293,F
234,1,HappyBirthday,80,6570.39,M,1,0.0011233,1.646,26683.4,14.432,F
234,1,HappyBirthday,258,6205.81,M,1,0.000214586,8.96137,105567,3.21905,F
234,1,HappyBirthday,567,6935.49,F,1,0.182073,4.2278,3161.26,127.477,F
234,1,HappyBirthday,896,16425.2,F,1,0.118848,12.9126,143117,1284.55,F
235,1,HappyBirthday,77,31755.2,M,1,0.0418756,3.36452,109865,415.167,F
236,1,HappyBirthday,7,9855.49,M,1,0.00274244,0.157064,37.4026,0.905688,F
236,1,HappyBirthday,324,1460.8,F,1,0.693183,0.118779,468.052,522.788,F
236,1,HappyBirthday,472,11315.9,F,1,0.0244208,0.673266,91841.8,354.898,F
237,1,HappyBirthday,502,6570.27,F,1,0.00116413,9.64196,2.56949,0.361956,F
237,1,HappyBirthday,551,730.156,M,1,0,0.0386782,111.471,0,F
237,1,HappyBirthday,669,5840.55,M,1,0.0131488,2.19704,133.59,4.79248,F
237,1,HappyBirthday,841,365.525,F,1,0.00563298,0.122904,10.1285,1.76721,F
238,1,Births,1025,0,M,0,0,0.0310783,0,0,F
239,1,HappyBirthday,111,365.713,M,1,0.0454924,0.652514,287.921,19.8114,F
239,1,HappyBirthday,638,22265.4,F,1,0.022701,1.93966,217706,240.82,F
239,1,HappyBirthday,654,4380.81,M,1,0.00316616,6.05215,90.5503,1.06756,F
239,1,HappyBirthday,705,20075.7,M,1,0.000932167,1.14347,23.3891,0.299114,F
240,1,HappyBirthday,838,15330.1,M,1,0.00108551,0.453791,7.42319,0.345858,F
241,1,HappyBirthday,694,730.547,F,1,0.000213881,0.0717497,0,0.0664164,F
242,1,HappyBirthday,623,4015.49,F,1,0.228121,0.556739,56189.9,788.313,F
242,1,HappyBirthday,742,14235.5,M,1,0.00184689,0.836095,0.0144466,0.574449,F
244,1,HappyBirthday,93,7665.82,F,1,5.35369e-07,0.398064,107982,0.0052806,F
244,1,HappyBirthday,432,18980.2,M,1,0.000472993,0.615996,13.723,0.149929,F
244,1,HappyBirthday,443,22265.4,M,1,0.0416769,0.810979,8388.29,34.4623,F
244,1,HappyBirthday,480,2920.22,M,1,0.0791406,0.572578,24321,947.992,F
245,1,HappyBirthday,129,8395.83,F,1,0.000191117,0.206734,18.6653,0.0649344,F
245,1,HappyBirthday,227,12775.3,F,1,0.0546343,0.230791,1817.57,126.228,F
246,1,HappyBirthday,660,6570.82,M,1,0.000409704,0.0960266,13.2302,0.133764,F
247,1,HappyBirthday,124,16060.5,F,1,0.371025,1.44938,46213.3,671.331,F
247,1,HappyBirthday,184,2920.74,F,1,0.00798188,1.30447,81378.5,51.7607,F
247,1,HappyBirthday,316,9125.41,M,1,0.217099,6.77539,47584.4,339.836,F
247,1,HappyBirthday,736,730.341,M,1,0.11692,0.0526873,14611.9,1100.09,F
248,1,HappyBirthday,119,5840.92,M,1,0.318889,18.3558,69.2579,154.535,F
248,1,HappyBirthday,346,6935.15,F,1,0.000229547,1.03278,51.4811,0.0767001,F
248,1,HappyBirthday,394,1095.54,M,1,0.22077,0.0633472,12617.2,1391.48,F
249,1,HappyBirthday,329,8760.53,F,1,4.09575e-06,1.36892,111.136,0.0014814,F
249,1,HappyBirthday,723,730.439,M,1,0.632949,0.165595,6.2212,314.721,F
250,1,HappyBirthday,470,11315.5,F,1,3.44802e-05,0.274034,13.6154,0.0113624,F
250,1,HappyBirthday,684,17520.7,F,1,0.215278,0.569842,0.782509,75.5183,F
251,1,HappyBirthday,505,2920.42,F,1,9.41282e-06,0.17545,20490.1,0.0835947,F
251,1,HappyBirthday,934,17155.2,F,1,0.000236767,1.44704,474.54,0.123789,F
252,1,HappyBirthday,15,2190.29,M,1,0.540392,2.52644,457.277,245.89,F
252,1,HappyBirthday,413,8030.49,F,1,2.25934e-05,7.67474,228619,0.241914,F
253,1,HappyBirthday,45,13870.2,M,1,0.000231695,0.333882,30.1085,0.0749828,F
253,1,HappyBirthday,292,7665.49,M,1,0.0253121,1.42239,428.586,8.39179,F
254,1,HappyBirthday,683,2920.56,F,1,0.512853,0.837821,10480.4,737.519,F
255,1,HappyBirthday,320,2920.08,F,1,0.228735,7.74536,38592.7,1117.62,F
255,1,HappyBirthday,476,7665.84,F,1,0.274978,0.950223,1501.33,132.473,F
256,1,HappyBirthday,164,9125.47,F,1,0.0488655,2.51939,146.327,19.1519,F
256,1,HappyBirthday,915,365.197,M,1,0.328395,0.38329,21900.3,1854.61,F
257,1,Births,1026,0,F,0,0,0.1079,0,0,F
257,1,Births,1027,0,M,0,0,0.0596034,0,0,F
258,1,HappyBirthday,171,730.687,F,1,0.462585,0.138416,7449.41,1784.82,F
258,1,HappyBirthday,752,5475.61,M,1,0.000214142,0.185506,55.1299,0.0721576,F
258,1,Births,1028,0,M,0,0,0.0324503,0,0,F
259,1,HappyBirthday,556,18250.8,M,1,0.342774,0.5851,1846.33,815.113,F
259,1,HappyBirthday,910,4380.45,M,1,3.58686e-06,0.0695741,113892,0.0560862,F
260,1,HappyBirthday,353,365.442,M,1,0.0341732,1.81936,6813.63,59.2195,F
260,1,HappyBirthday,714,14600.8,F,1,0.000297457,0.43159,56675.1,0.385033,F
260,1,HappyBirthday,741,1825.04,F,1,0.000354668,0.0491142,1.84683e-06,0.110206,F
260,1,HappyBirthday,745,15330.6,M,1,0.763379,5.9683,15.3643,457.462,F
261,1,HappyBirthday,424,730.948,M,1,0.115174,0.916292,31013.6,151.967,F
261,1,HappyBirthday,781,13870.5,M,1,0.222287,0.94842,5289.61,1106.03,F
261,1,HappyBirthday,869,1460.52,M,1,0.00417001,0.371962,72.8221,1.6998,F
261,1,Births,1029,0,F,0,0,0.0447465,0,0,F
262,1,HappyBirthday,46,1460.29,F,1,0.00519325,2.52772,303.08,2.35048,F
262,1,HappyBirthday,511,22265.8,M,1,0.0983985,0.964856,0.948404,32.3062,F
262,1,HappyBirthday,521,30660,F,1,0.00170405,0.15864,136.299,0.700431,F
263,1,HappyBirthday,3,1825.8,F,1,0.0700754,0.608606,1625.75,58.4651,F
263,1,HappyBirthday,188,2920.78,M,1,0.0173367,3.17154,247.808,6.49697,F
264,1,HappyBirthday,176,11315.5,M,1,0.0049527,0.288741,135397,46.6241,F
264,1,HappyBirthday,202,16790,M,1,0.0358365,2.58803,6274.17,181.082,F
264,1,HappyBirthday,241,7665.99,F,1,0.141311,2.37819,95208.5,966.621,F
264,1,HappyBirthday,291,19345,M,1,0.000990854,0.439908,23979.3,1.75129,F
265,1,HappyBirthday,290,22995.9,F,1,0.00489361,7.11918,79.1964,1.73063,F
265,1,HappyBirthday,991,11315.4,M,1,0.0266681,2.47085,67777.7,321.477,F
266,1,HappyBirthday,4,2920.06,F,1,0.0129896,0.559563,28470.9,15.1954,F
266,1,HappyBirthday,274,29931,M,1,0.0357382,1.45333,1017.81,53.4822,F
266,1,HappyBirthday,544,10950.9,F,1,0.0129013,1.45577,4523.87,56.8214,F
266,1,HappyBirthday,882,7665.64,M,1,0.000102575,0.0229411,57.4052,0.0347552,F
266,1,HappyBirthday,933,14965.2,M,1,0.000589848,3.30419,146.496,0.222573,F
267,1,HappyBirthday,210,4380.37,M,1,0.395895,0.0516277,15.3191,168.725,F
268,1,HappyBirthday,287,17885.9,M,1,0.000574301,0.353323,56.9995,0.195903,F
268,1,HappyBirthday,322,1095.68,M,1,0.0797244,0.0991789,114.674,30.8951,F
268,1,HappyBirthday,775,21170.4,M,1,0.169641,14.7937,1422.31,84.013,F
268,1,Births,1030,0,F,0,0,0.0258508,0,0,F
269,1,HappyBirthday,585,8030.42,M,1,0.0132556,5.72961,3258.63,16.8934,F
269,1,HappyBirthday,876,6570.14,F,1,0.766091,5.52675,422.832,940.05,F
270,1,HappyBirthday,278,8760.97,F,1,0.120621,8.00287,18.5276,43.5218,F
270,1,HappyBirthday,342,29565.1,F,1,0.228291,0.178537,181.971,103.407,F
270,1,HappyBirthday,522,1825.53,M,1,0.218888,1.47758,23772,760.107,F
270,1,HappyBirthday,688,4380.13,F,1,0.0603144,1.66153,96.0883,21.6231,F
271,1,HappyBirthday,427,14965.3,M,1,0.000296253,0.24526,19.0149,0.100738,F
272,1,HappyBirthday,191,2555.38,F,1,0.000139225,0.0738973,61.4774,0.0532248,F
272,1,HappyBirthday,993,11315.6,F,1,0.248335,8.66084,46757,805.246,F
273,1,HappyBirthday,47,16790.8,M,1,0.663252,0.670147,1978.19,380.674,F
273,1,HappyBirthday,96,6935.42,F,1,0.0221178,0.615489,105491,233.716,F
273,1,HappyBirthday,730,3285.88,M,1,0.000810853,0.0579481,14.9718,0.256054,F
274,1,HappyBirthday,868,9125.9,M,1,0.455908,1.47655,12958.5,454.975,F
274,1,HappyBirthday,913,14235.3,M,1,0.000774442,0.324135,22.9723,0.251402,F
275,1,HappyBirthday,43,25185.6,M,1,0.0471877,0.933156,223110,508.539,F
275,1,HappyBirthday,197,13871,M,1,5.24905e-06,0.671344,152004,0.050233,F
275,1,HappyBirthday,778,17520,F,1,0.00200687,0.113983,0.119526,0.624495,F
275,1,HappyBirthday,853,12045.8,F,1,0.259928,1.77967,738.744,191.968,F
276,1,HappyBirthday,213,20805.6,F,1,0.0577338,2.64986,46.4884,19.9035,F
276,1,HappyBirthday,238,730.549,M,0,0,0.0854841,0,0,F
276,1,HappyBirthday,465,4015.14,M,1,0.587796,14.6448,2308.58,335.825,F
276,1,HappyBirthday,710,5840.67,M,1,0.24365,0.990495,21.9749,96.0282,F
276,1,HappyBirthday,729,8030.71,F,1,9.64661e-05,1.11741,53.1208,0.032289,F
278,1,HappyBirthday,575,1095.54,M,1,0.245655,0.0995364,18794.2,1506.07,F
278,1,HappyBirthday,766,7300.67,F,1,0.000943326,0.221387,27.5998,0.30638,F
278,1,HappyBirthday,783,26280.8,M,1,0.277216,0.289131,44516.5,891.537,F
279,1,HappyBirthday,185,5840.29,F,1,0.628004,1.25106,22.8757,338.976,F
279,1,HappyBirthday,452,8760.36,F,1,0.2699,0.199972,53248.8,1410.89,F
279,1,HappyBirthday,789,9855.81,M,1,0.000591937,0.637272,143.152,0.274518,F
280,1,HappyBirthday,136,1460.03,F,1,0.056896,0.255438,73.475,20.4807,F
280,1,Births,1031,0,M,0,0,0.390566,0,0,F
281,1,HappyBirthday,123,10220.4,M,1,5.35996e-06,0.0622135,0.0003322,0.001655,F
281,1,HappyBirthday,128,730.923,F,1,0.0251415,0.127608,253.762,10.7375,F
281,1,HappyBirthday,797,1460.22,M,1,0.000277111,1.17201,191321,2.75323,F
282,1,HappyBirthday,442,3650.55,M,1,0.0810355,1.59385,120.224,31.5347,F
282,1,HappyBirthday,737,30660.7,M,1,2.07077e-06,0.248212,107971,0.0204182,F
282,1,Births,1032,0,M,0,0,0.0137262,0,0,F
283,1,HappyBirthday,435,4015.79,F,1,0.681117,0.416088,26707.7,1727.46,F
284,1,HappyBirthday,180,10950.3,F,1,0.333431,4.00751,21605.4,476.459,F
284,1,HappyBirthday,283,1095.26,M,1,0.00174656,2.27558,449.845,1.43231,F
284,1,HappyBirthday,581,20075.3,M,1,0.00217769,2.54561,55392.1,2.74488,F
284,1,HappyBirthday,693,1825.66,M,1,0.241852,0.359179,7118.79,462.847,F
285,1,HappyBirthday,548,2920.32,M,1,0.483694,0.109696,8098.24,539.236,F
285,1,Births,1033,0,M,0,0,0.131685,0,0,F
286,1,HappyBirthday,44,2555.09,F,0,0,0.0277229,0,0,F
286,1,HappyBirthday,475,9125.34,M,1,0.361173,0.116546,22111.3,508.758,F
287,1,HappyBirthday,34,1460.69,M,1,0.000633451,9.19147,760.464,0.700896,F
287,1,HappyBirthday,49,12045.1,M,1,0.00208252,0.0671999,18.9175,0.707499,F
287,1,HappyBirthday,170,3285.85,F,1,0.374452,0.138815,15289.8,244.281,F
287,1,HappyBirthday,630,23360.2,F,1,0.0213014,1.17673,34.0808,7.00784,F
287,1,HappyBirthday,877,1095.69,F,1,0,0.0606662,0,0,F
288,1,HappyBirthday,30,6935.83,F,1,0.000259802,16.5356,46543.4,0.367224,F
288,1,HappyBirthday,352,730.485,F,1,0.63431,0.103931,965.59,452.454,F
288,1,HappyBirthday,798,8760.99,F,1,0.92875,2.54791,71.9896,840.895,F
288,1,HappyBirthday,803,5110.6,M,1,0.00882864,6.76156,179.608,3.53445,F
289,1,HappyBirthday,242,10585.5,F,1,0.00141908,0.591444,0.138049,0.441581,F
289,1,HappyBirthday,484,10950.7,F,1,0.00550859,3.47361,87.9642,1.99572,F
289,1,HappyBirthday,665,23360.4,M,1,0.247113,1.27215,149.299,110.755,F
289,1,HappyBirthday,749,17885.1,M,1,0.780588,0.214247,33.3629,474.359,F
289,1,HappyBirthday,839,3650.57,M,1,0.0903528,3.31344,71.4236,30.5185,F
289,1,HappyBirthday,925,29565.7,F,1,0.000517811,0.112041,181.508,0.202507,F
290,1,HappyBirthday,454,20075,F,1,0.579689,2.03895,16.7635,277.425,F
290,1,HappyBirthday,618,5840.25,M,1,0.036995,0.106365,2327.56,11.7493,F
290,1,HappyBirthday,833,15330.2,M,1,0.00422486,22.3639,74427.4,25.7032,F
291,1,HappyBirthday,570,1095.58,M,1,0.23279,0.0437763,18842.7,1251.25,F
291,1,HappyBirthday,805,2920.85,M,1,0.234935,3.69866,1940.46,164.867,F
292,1,HappyBirthday,166,6570.62,F,1,0.000588776,1.06047,72351.2,3.28027,F
292,1,HappyBirthday,961,4745.62,M,1,0.0613663,0.154892,35.7469,22.9462,F
293,1,HappyBirthday,358,19710.9,F,1,3.42034e-05,0.0351478,26.6388,0.0120186,F
293,1,HappyBirthday,604,2921,F,1,0.0145446,0.960308,10856.2,49.347,F
294,1,HappyBirthday,687,3285.03,M,1,0.00705246,1.7487,124.524,2.57561,F
294,1,HappyBirthday,806,2555.17,M,1,0.00470973,0.58797,157.09,1.80187,F
294,1,HappyBirthday,872,13140.6,M,1,0.0703534,0.66996,139712,643.156,F
295,1,HappyBirthday,38,730.504,F,1,0.904858,0.302181,572.266,860.387,F
295,1,HappyBirthday,145,730.428,F,1,0.0476586,0.409014,182.952,21.8534,F
295,1,HappyBirthday,340,9855.72,M,1,0.0746597,2.37819,29.1632,25.5542,F
295,1,HappyBirthday,411,1460.63,M,1,0.00665008,5.89199,13.0182,2.19399,F
295,1,HappyBirthday,524,25915.3,F,1,0.00019829,13.4712,157668,1.81448,F
295,1,HappyBirthday,746,15695.1,F,1,0.00186663,0.464441,0.004372,0.580529,F
296,1,HappyBirthday,172,6935.06,M,1,0.803648,0.912648,110.087,597.498,F
296,1,HappyBirthday,236,7665.97,M,1,0.000418925,0.389082,160.96,0.234398,F
296,1,HappyBirthday,326,4745.15,F,0,0,0.00892312,0,0,F
296,1,HappyBirthday,728,4745.56,F,1,0.00534013,28.643,96.3666,1.95203,F
297,1,HappyBirthday,138,6570.6,F,1,0.00581994,0.306949,38.1053,1.88665,F
297,1,HappyBirthday,150,5110.39,F,1,1.52953e-06,0.0611116,39694,0.00272439,F
298,1,HappyBirthday,154,7300.37,M,1,0.00031893,0.578047,136105,2.70732,F
298,1,HappyBirthday,318,5110.89,M,1,0.912892,0.366556,257.77,859.002,F
298,1,HappyBirthday,565,5840.88,M,1,0.00038771,0.847225,6849.56,1.06497,F
298,1,HappyBirthday,576,10585,F,1,0.0416364,1.64692,62.7307,17.1995,F
298,1,HappyBirthday,707,2190.94,F,1,0.244924,0.334298,2000.66,301.173,F
299,1,HappyBirthday,519,11315.1,F,1,0.115495,1.79533,24814.3,43.6189,F
299,1,HappyBirthday,750,5475.74,M,1,0.0139245,0.690624,141.212,5.177,F
300,1,HappyBirthday,644,25185.3,M,1,0.00365465,4.06991,20023.3,3.86242,F
301,1,HappyBirthday,190,3650.31,F,1,0.163888,0.242024,105673,1341.7,F
301,1,HappyBirthday,268,6935.11,F,1,0.00600924,2.97769,107.383,2.73556,F
301,1,HappyBirthday,617,6570.67,M,1,0.472211,2.18335,14257.3,544.758,F
301,1,HappyBirthday,957,2555.55,F,1,0.148268,0.666825,93228.4,1000.38,F
302,1,HappyBirthday,41,9490.43,M,1,0.586358,9.76507,543.457,298.479,F
303,1,HappyBirthday,26,7665.04,F,1,0.0241646,4.41378,1276.54,11.1274,F
303,1,HappyBirthday,510,6570.3,F,1,0.0479355,1.3191,5.7772,15.3997,F
303,1,HappyBirthday,848,12045.3,M,1,0.0727335,2.42126,213.11,35.1272,F
304,1,HappyBirthday,118,16060.2,F,1,0.0101062,5.28223,28.7065,3.27911,F
304,1,HappyBirthday,205,10585.5,F,1,0.831986,0.322767,469.987,563.998,F
304,1,HappyBirthday,827,1095.07,F,1,0.214062,0.813251,172.659,91.7827,F
305,1,HappyBirthday,312,2555.16,F,1,0.000983697,1.03761,8.67688e-06,0.306076,F
306,1,HappyBirthday,246,1095.22,F,1,0.000421327,0.830133,0.612661,0.131197,F
306,1,HappyBirthday,437,20075.3,F,1,0.373113,0.49798,6572.4,924.232,F
306,1,HappyBirthday,888,2190.99,M,1,0.00475298,0.0716372,58.6792,1.74803,F
307,1,HappyBirthday,60,5840.51,M,1,0.015389,26.7691,39.6998,5.60695,F
307,1,HappyBirthday,802,1460.79,F,1,0.35076,0.278864,10950.3,675.732,F
309,1,HappyBirthday,135,365.339,F,1,0.0270682,0.167284,1483.91,24.1634,F
310,1,HappyBirthday,525,8395.49,F,1,0.65051,0.0207046,241.635,609.43,F
310,1,HappyBirthday,901,2555.38,M,1,0,0.0544363,0.0361513,0,F
311,1,HappyBirthday,71,5840.26,M,1,0.630245,0.164823,1742.35,492.053,F
311,1,HappyBirthday,157,27375.6,M,1,0.260506,0.194283,5706.65,1155.06,F
311,1,HappyBirthday,215,1095.05,F,1,0.832274,0.128808,711.294,569.174,F
311,1,HappyBirthday,333,12410.9,F,1,0.0442057,16.5673,13.5144,14.4481,F
311,1,HappyBirthday,347,2920.85,M,1,0.00361054,0.597642,140.161,1.35827,F
311,1,HappyBirthday,758,10585.2,F,1,0.151123,0.802925,64161.3,843.469,F
312,1,HappyBirthday,68,2190.65,F,1,0.00429255,3.30441,186.976,1.68315,F
312,1,HappyBirthday,402,27740.2,F,1,0.00127713,0.113518,2.85839,0.402745,F
313,1,HappyBirthday,66,1095.65,F,1,0.00152449,0.151529,352.59,0.70719,F
313,1,HappyBirthday,181,18980.2,F,1,0.0107006,5.42258,48.5896,3.51728,F
313,1,HappyBirthday,231,15695.3,F,1,0.00390994,11.5005,20294.1,44.8461,F
313,1,HappyBirthday,503,2920.99,M,0,0,0.0439892,0,0,F
313,1,HappyBirthday,773,21900.6,M,1,0.00181597,0.94974,17.9611,0.610593,F
313,1,HappyBirthday,844,18615,F,1,0.477613,1.32051,21.2335,209.182,F
314,1,HappyBirthday,91,10950.1,F,1,0.000262944,0.289452,506.31,0.231717,F
314,1,HappyBirthday,155,10951,M,1,0.22791,5.93884,9396.54,170.568,F
314,1,HappyBirthday,409,1825.23,F,1,0.0298238,0.766433,54900.8,151.65,F
314,1,HappyBirthday,488,9125.13,F,1,0.432898,5.73207,5739.34,659.48,F
316,1,HappyBirthday,101,1825.21,M,1,0.000333204,0.0369739,15952.4,3.41974,F
316,1,HappyBirthday,537,8395.03,F,1,0.451158,0.147675,1617.87,435.387,F
317,1,HappyBirthday,265,1460.34,M,1,0.223968,1.74025,7442.57,1407.75,F
317,1,HappyBirthday,689,1095.76,M,1,0.0608386,0.146927,46230.3,124.925,F
318,1,HappyBirthday,14,13140.6,F,1,0.605877,9.29666,1363.82,371.321,F
318,1,HappyBirthday,76,1460.9,F,1,0.00292871,4.76782,2558.46,0.996022,F
318,1,HappyBirthday,423,1095.45,F,1,0.322084,2.02004,11077.8,624.268,F
318,1,HappyBirthday,532,8395.33,F,1,0.000742742,0.055463,6.64003,0.23871,F
318,1,HappyBirthday,659,2920.25,M,1,0.00198955,0.373123,1.50235,0.623128,F
318,1,HappyBirthday,738,2190.81,M,1,0.210487,0.0798095,665.282,96.2745,F
318,1,HappyBirthday,941,28471,F,1,0.820751,3.08725,30.735,536.256,F
318,1,HappyBirthday,968,24090.6,M,1,0.198751,1.15796,91274.1,1320.96,F
319,1,HappyBirthday,457,8395.16,M,1,0.00977834,1.54059,166.028,4.2053,F
319,1,HappyBirthday,559,730.113,M,1,0.00512608,1.7869,6.20972,1.6368,F
319,1,HappyBirthday,796,12410.4,F,1,0.633421,0.342291,3384.7,433.19,F
319,1,HappyBirthday,870,27375.6,M,1,0.00160494,0.970232,0.274144,0.499389,F
320,1,HappyBirthday,70,12045.1,F,1,0.227628,1.10375,7009.77,1406.6,F
320,1,HappyBirthday,251,3650.34,M,1,0.397218,0.302183,3214.27,240.348,F
321,1,HappyBirthday,390,13140.6,F,1,0.000887712,6.78747,1516,1.70084,F
321,1,HappyBirthday,490,4745.07,M,1,0.537258,18.3169,1817.41,416.7,F
321,1,HappyBirthday,765,4015.04,M,1,0.0116011,0.93779,24552.1,144.074,F
322,1,HappyBirthday,945,23725.5,M,1,0.0898677,0.565518,62.8804,32.2337,F
323,1,HappyBirthday,148,6935.32,F,1,8.74254e-05,17.3248,44528.6,0.112795,F
323,1,HappyBirthday,177,365.847,F,1,0.115312,0.0844284,396.945,47.4393,F
323,1,HappyBirthday,370,15330.7,M,1,0.291359,30.1205,23571.2,385.162,F
323,1,HappyBirthday,380,730.38,F,1,0.319531,5.05676,2059.95,844.463,F
323,1,HappyBirthday,436,7300.53,M,1,0.141461,0.0798609,44458,268.877,F
323,1,HappyBirthday,573,1460.87,M,1,0.00469779,0.536345,93.6083,1.67077,F
323,1,HappyBirthday,952,7300.49,M,1,0.447252,0.194152,6338.97,468.877,F
323,1,HappyBirthday,956,10585.5,M,1,0.00154413,2.17054,0.0067754,0.480263,F
324,1,HappyBirthday,112,2190.59,M,1,0.273297,0.0422062,975.039,419.319,F
324,1,HappyBirthday,415,3650.69,F,1,0.00359664,4.24589,113.744,1.7188,F
324,1,HappyBirthday,810,365.801,M,1,0.417098,7.67806,11846,1301.8,F
325,1,HappyBirthday,295,24455.6,F,1,0.00146954,0.131401,3.27836,0.457095,F
325,1,HappyBirthday,898,730.5,M,1,0.0775231,0.0567007,195980,837.741,F
325,1,HappyBirthday,923,1825.91,M,1,0.00448203,2.22531,4.89735,1.39666,F
326,1,HappyBirthday,110,11315.1,M,1,0.0569579,0.382076,290.939,26.6551,F
326,1,HappyBirthday,264,21170.9,F,1,0.00658452,0.405095,3.08244,2.05402,F
326,1,HappyBirthday,873,19345.2,M,1,0.693992,0.878074,2835.9,1190.1,F
327,1,HappyBirthday,223,2190.4,M,1,0.000822743,0.415142,25024.8,0.948587,F
327,1,HappyBirthday,269,1825.7,F,1,0.000232463,1.18139,7207.69,1.39711,F
327,1,HappyBirthday,507,28105.9,M,1,0.00653534,0.740767,95.8775,2.91603,F
327,1,HappyBirthday,528,3650.44,F,1,0.530808,0.244892,33505.2,951.669,F
327,1,HappyBirthday,648,9125.77,M,1,0.00359409,1.00427,126.606,1.39661,F
328,1,HappyBirthday,306,12775,F,1,0.00179836,0.0908016,131.146,0.658762,F
328,1,HappyBirthday,377,730.708,M,1,0.86007,0.059164,163.43,739.848,F
328,1,HappyBirthday,387,6570.18,M,1,0.198823,0.382382,33736,1689.65,F
328,1,HappyBirthday,670,730.144,M,1,0.228583,0.0873873,1528.56,440.006,F
328,1,HappyBirthday,828,10220.4,M,1,0.00327159,2.2892,104.973,1.17207,F
328,1,HappyBirthday,960,730.613,M,1,0.600266,1.37237,252.661,298.378,F
329,1,HappyBirthday,325,1095.91,F,1,0.344599,0.536241,43412.5,632.866,F
329,1,HappyBirthday,361,365.597,F,1,0.022205,0.0522223,179.635,9.2155,F
329,1,HappyBirthday,382,2920.08,F,1,0.00359333,0.962538,2.95254,1.1192,F
329,1,HappyBirthday,383,14965.8,M,1,0.197465,0.39483,2.54893,68.6371,F
329,1,HappyBirthday,817,2555.8,M,1,0.449887,2.66547,182.639,238.99,F
330,1,HappyBirthday,594,1825.24,M,1,0.0048069,0.650397,64.0323,1.97054,F
330,1,HappyBirthday,971,3285.68,M,1,0.197562,0.351908,305.733,104.665,F
331,1,HappyBirthday,168,20805.4,F,1,0.00653132,3.3122,2.43985,2.06073,F
331,1,HappyBirthday,203,35040.8,F,1,0.00437763,1.86872,8.22221,1.38292,F
331,1,Births,1034,0,M,0,0,0.184681,0,0,F
332,1,HappyBirthday,434,8030.79,F,1,0.00622876,0.378886,211.42,2.62154,F
332,1,HappyBirthday,504,5110.24,M,1,6.49689e-05,4.95376,0.292622,0.0201705,F
333,1,HappyBirthday,512,15330.4,M,1,0.0423332,0.148708,112.145,20.2221,F
334,1,HappyBirthday,20,6935.04,F,1,0.74026,2.66449,2826.71,1107.87,F
334,1,HappyBirthday,298,33945.8,F,1,0.808346,0.0725528,83.0547,614.01,F
334,1,HappyBirthday,822,4015.29,M,1,0.00206147,1.33684,2392.51,0.642416,F
334,1,HappyBirthday,986,365.044,F,1,0.000950992,0.10032,9634.77,3.10956,F
334,1,Births,1035,0,F,0,0,0.0136717,0,0,F
335,1,HappyBirthday,578,10220.6,M,1,0.47194,0.0679465,1793.58,348.213,F
335,1,HappyBirthday,995,13141,M,1,0.85863,2.38557,73.3868,676.631,F
335,1,HappyBirthday,985,5840.38,F,1,0.229653,0.816918,49511.3,1131.15,F
336,1,HappyBirthday,972,6205.83,M,1,0.00492842,4.34841,70.5854,1.68942,F
337,1,HappyBirthday,722,25915.9,M,1,0.0485103,0.981301,48.1828,16.6557,F
338,1,HappyBirthday,272,12410.9,F,1,0.125337,0.090335,21509.4,327.695,F
339,1,HappyBirthday,367,14600.8,M,1,0.835402,3.87401,7.99917,566.016,F
340,1,HappyBirthday,59,2920.69,M,1,0.0652274,0.774624,27.3658,23.6974,F
340,1,HappyBirthday,294,2555.25,F,0,0,0.0313326,0,0,F
340,1,HappyBirthday,369,4380.09,F,1,0.899417,0.42183,205.511,1315.73,F
340,1,HappyBirthday,620,3650.36,M,1,0.0474685,0.236602,93.3709,21.2254,F
340,1,HappyBirthday,649,1825.23,F,1,0.499923,0.154293,3230.23,273.526,F
341,1,HappyBirthday,345,2190.9,M,1,0.0144314,0.377304,15811,58.8805,F
341,1,HappyBirthday,656,11315.6,M,1,0.0293483,0.654088,2.01305,9.28428,F
342,1,HappyBirthday,87,12775.4,F,1,0.00758739,4.34286,1261.3,6.51518,F
342,1,HappyBirthday,232,27740.4,M,1,0.430156,1.4721,5373.33,712.141,F
344,1,HappyBirthday,220,5840.95,F,1,0.234012,0.0834973,16200.2,541.293,F
344,1,HappyBirthday,769,730.062,F,1,0.622295,0.192222,29582.7,1143.3,F
345,1,HappyBirthday,704,12775.3,F,1,0.161181,3.07393,3.21329,54.8894,F
345,1,HappyBirthday,858,5110.34,F,1,0.0104018,0.112084,233.172,4.44151,F
346,1,HappyBirthday,105,2920.46,F,1,0.409528,0.706725,3824.79,903.951,F
346,1,HappyBirthday,477,4745.33,M,1,0.000181543,0.549899,23401.6,2.20763,F
347,1,HappyBirthday,103,12045.6,M,1,0.173918,0.208386,84112.8,1021.82,F
347,1,HappyBirthday,439,5840.25,M,1,0.00269969,3.86967,114.967,0.979814,F
347,1,HappyBirthday,646,1095.59,M,1,0.225684,0.0776729,50215.5,329.152,F
348,1,HappyBirthday,58,3650.51,M,1,0.140899,0.0985016,128.999,51.2407,F
349,1,HappyBirthday,94,4745.41,M,1,0.00183949,0.511016,227.054,0.864364,F
349,1,HappyBirthday,905,36135.8,M,1,0.000341608,4.84551,21.4866,0.109297,F
350,1,HappyBirthday,381,9125.82,M,1,0.260384,0.0909254,26.8261,106.418,F
350,1,HappyBirthday,557,6570.18,F,1,0.55171,0.765081,5143.44,1679.05,F
350,1,HappyBirthday,586,22630.7,F,1,0.00270366,1.46989,37.1488,0.961166,F
350,1,HappyBirthday,891,1095.59,M,1,0.00418445,1.04878,33.7495,1.37982,F
351,1,HappyBirthday,301,21170.1,F,1,9.04934e-05,1.58024,962.961,0.06616,F
351,1,HappyBirthday,395,365.747,M,1,0.00907553,0.798094,32.2055,3.07779,F
351,1,HappyBirthday,444,28470.4,F,1,0.0526399,1.63646,10.6804,17.6124,F
351,1,HappyBirthday,479,14600.7,M,1,0.0252217,17.9922,453.489,19.8343,F
351,1,HappyBirthday,696,13870.5,M,1,0.00204243,0.677281,5.29884,0.641305,F
352,1,HappyBirthday,936,24820.9,M,1,0.0526856,12.5728,31174.8,181.053,F
352,1,HappyBirthday,937,8030.08,F,1,0.00306036,7.77304,3.56579,0.966741,F
353,1,HappyBirthday,29,35040.2,F,1,0.00191728,2.35571,48.6763,0.730536,F
353,1,HappyBirthday,364,2920.31,F,1,0.0725361,2.02086,46.6195,25.6843,F
354,1,HappyBirthday,165,5840.49,M,1,0.00537597,6.41841,140.39,2.1451,F
354,1,HappyBirthday,211,2555.64,F,1,0.548835,0.673618,7088.22,344.745,F
354,1,HappyBirthday,845,7665.95,M,1,0.0481776,0.63871,207.983,16.0176,F
355,1,HappyBirthday,127,13505.9,M,1,0.000329968,2.48906,73.7035,0.116672,F
355,1,HappyBirthday,782,21900.8,M,1,2.22643e-05,0.968682,54.8351,0.0074712,F
355,1,HappyBirthday,897,20075.1,M,1,0.000736017,0.708305,30.8914,0.240357,F
355,1,HappyBirthday,953,6570.44,F,1,0.21906,0.0960533,32222.1,1215.69,F
355,1,Births,1036,0,M,0,0,51.0944,0,0,F
356,1,HappyBirthday,19,2555.2,F,1,5.48668e-05,0.740401,62.1763,0.0210445,F
357,1,HappyBirthday,27,8395.99,M,1,0.102985,1.04956,66.8846,39.3204,F
357,1,HappyBirthday,794,8395.06,F,1,0.00853335,1.4569,181.521,3.48367,F
358,1,HappyBirthday,163,1095.15,F,1,1.4212e-05,0.280359,108917,0.15113,F
358,1,HappyBirthday,463,7300.32,F,1,0.156995,9.66465,104193,1080.85,F
359,1,HappyBirthday,22,10585,F,1,0.00157088,3.78933,4.24132,0.492044,F
359,1,HappyBirthday,224,2190.71,M,1,0.000467016,0.317563,0.0317939,0.14525,F
359,1,HappyBirthday,535,35040.2,F,1,0.831219,1.18411,76.7672,634.477,F
360,1,HappyBirthday,109,4745.85,M,1,0.00593472,1.46283,71.1403,2.05319,F
360,1,HappyBirthday,304,14965.8,M,1,0.097093,0.596992,101.317,43.2894,F
360,1,HappyBirthday,327,16425.9,F,1,0.00448035,0.145105,58.5342,1.5556,F
360,1,HappyBirthday,645,5110.67,M,1,0.000102372,0.40209,22.998,0.0333822,F
360,1,HappyBirthday,834,10221,M,1,0.000726181,0.102625,63.7413,0.250454,F
361,1,HappyBirthday,143,3285.82,F,1,0.851678,0.468914,1090.34,1585.73,F
361,1,HappyBirthday,363,5475.58,F,1,1.24832e-07,3.7768,106054,0.00189303,F
361,1,HappyBirthday,438,30660.5,M,1,0.0833531,10.7422,336.359,38.7808,F
361,1,HappyBirthday,513,6935.2,F,1,0.571594,0.061092,120.768,309.782,F
361,1,HappyBirthday,529,12045.5,F,1,0.102013,13.9313,36.9103,38.3601,F
361,1,HappyBirthday,691,4380.16,F,1,0.728645,0.41603,11.7666,416.358,F
361,1,HappyBirthday,929,6935.26,F,1,0.284317,0.222193,2587.55,931.029,F
362,1,HappyBirthday,214,1460.34,M,1,0.0479567,1.29041,184.423,19.7533,F
362,1,HappyBirthday,751,10585.1,F,1,0.472323,0.644825,48697.8,1318.57,F
362,1,HappyBirthday,947,12045.8,M,1,0.00416272,1.34212,96.7367,1.57017,F
363,1,HappyBirthday,458,19345.4,M,1,0.857975,0.567308,1631.87,1784.63,F
363,1,HappyBirthday,932,21901,M,1,0.000846126,4.18686,15.6768,0.280544,F
364,1,HappyBirthday,399,16790.7,F,1,0.433246,1.84089,35.4131,177.845,F
364,1,HappyBirthday,571,16790.9,F,1,0.00225728,0.278164,0.0229692,0.702305,F
364,1,HappyBirthday,787,4380.89,F,1,0.0109392,0.444536,169.481,3.64756,F
364,1,Births,1037,0,F,0,0,0.00550964,0,0,F
