,airtemp_C,rh_pct,rain_mm
2015-01-01,23.81,17.14,0.0
2015-01-02,24.52,21.77,0.0
2015-01-03,25.4,21.53,0.0
2015-01-04,24.12,21.42,0.0
2015-01-05,23.75,23.39,0.0
2015-01-06,23.37,20.59,0.0
2015-01-07,23.29,21.8,0.0
2015-01-08,23.6,22.65,0.0
2015-01-09,24.02,22.92,0.0
2015-01-10,22.23,21.29,0.0
2015-01-11,21.88,17.84,0.0
2015-01-12,22.01,18.94,0.0
2015-01-13,21.36,18.28,0.0
2015-01-14,22.13,20.7,0.0
2015-01-15,23.44,23.95,0.0
2015-01-16,24.94,23.85,0.0
2015-01-17,25.85,24.13,0.0
2015-01-18,25.51,22.82,0.0
2015-01-19,26.14,19.79,0.0
2015-01-20,26.49,17.59,0.0
2015-01-21,27.78,31.66,0.14
2015-01-22,29.05,37.13,0.35
2015-01-23,27.86,19.58,0.0
2015-01-24,28.1,21.62,0.0
2015-01-25,27.77,26.2,0.0
2015-01-26,27.97,21.74,0.0
2015-01-27,27.47,17.93,0.0
2015-01-28,26.88,15.01,0.0
2015-01-29,26.99,12.89,0.0
2015-01-30,26.71,16.8,0.0
2015-01-31,28.41,22.17,0.0
2015-02-01,29.78,31.56,0.0
2015-02-02,28.98,19.06,0.0
2015-02-03,29.5,18.5,0.0
2015-02-04,30.69,37.22,0.0
2015-02-05,32.28,32.3,0.02
2015-02-06,30.94,22.49,0.0
2015-02-07,31.4,23.44,0.0
2015-02-08,30.69,21.67,0.0
2015-02-09,32.09,42.2,0.06
2015-02-10,31.6,46.83,0.35
2015-02-11,32.18,46.29,0.81
2015-02-12,29.33,58.11,1.94
2015-02-13,29.29,55.4,0.14
2015-02-14,30.54,47.92,0.06
2015-02-15,30.57,51.21,0.07
2015-02-16,30.68,37.49,0.24
2015-02-17,28.83,25.04,0.01
2015-02-18,29.39,24.13,0.01
2015-02-19,28.24,66.55,17.24
2015-02-20,28.06,65.69,2.51
2015-02-21,24.44,69.77,7.13
2015-02-22,27.15,57.39,0.1
2015-02-23,26.64,41.05,0.0
2015-02-24,26.62,29.37,0.0
2015-02-25,27.09,26.67,0.0
2015-02-26,26.35,25.85,0.0
2015-02-27,25.72,22.09,0.0
2015-02-28,26.15,20.65,0.0
2015-03-01,26.86,16.34,0.0
2015-03-02,27.21,15.42,0.0
2015-03-03,27.88,14.36,0.0
2015-03-04,30.05,27.94,0.01
2015-03-05,31.68,32.7,0.07
2015-03-06,30.3,26.28,0.0
2015-03-07,30.5,18.47,0.0
2015-03-08,29.78,16.24,0.0
2015-03-09,30.09,16.6,0.0
2015-03-10,31.43,34.79,0.04
2015-03-11,33.6,30.56,0.0
2015-03-12,32.56,41.03,0.02
2015-03-13,32.76,34.37,0.79
2015-03-14,32.99,43.82,0.98
2015-03-15,32.61,37.7,0.01
2015-03-16,32.32,44.03,0.02
2015-03-17,32.9,40.04,0.03
2015-03-18,31.48,44.61,0.59
2015-03-19,31.49,40.04,0.18
2015-03-20,32.11,31.97,0.0
2015-03-21,31.2,51.58,1.27
2015-03-22,28.35,69.93,6.36
2015-03-23,29.76,63.88,1.23
2015-03-24,30.89,53.74,0.98
2015-03-25,29.74,53.29,1.81
2015-03-26,30.02,60.32,1.57
2015-03-27,30.17,55.05,0.01
2015-03-28,30.78,37.43,0.0
2015-03-29,29.4,21.03,0.0
2015-03-30,29.13,18.45,0.0
2015-03-31,29.91,28.59,0.0
2015-04-01,29.86,51.68,0.5
2015-04-02,30.66,42.91,0.04
2015-04-03,31.1,36.05,0.0
2015-04-04,30.52,49.57,0.11
2015-04-05,31.18,45.93,0.47
2015-04-06,31.62,48.35,1.31
2015-04-07,32.83,44.89,0.22
2015-04-08,30.53,56.68,1.19
2015-04-09,30.36,57.56,0.55
2015-04-10,31.36,54.96,0.04
2015-04-11,31.9,52.58,0.13
2015-04-12,29.32,64.49,5.3
2015-04-13,29.11,64.65,0.84
2015-04-14,28.68,41.94,0.0
2015-04-15,29.21,24.63,0.0
2015-04-16,29.18,36.11,0.0
2015-04-17,29.72,29.3,0.0
2015-04-18,31.27,35.53,0.0
2015-04-19,32.94,41.64,0.05
2015-04-20,32.42,44.71,0.04
2015-04-21,32.36,49.62,0.14
2015-04-22,32.91,48.73,0.7
2015-04-23,32.81,47.76,1.03
2015-04-24,30.77,54.76,1.03
2015-04-25,31.1,55.9,0.77
2015-04-26,31.17,54.6,0.55
2015-04-27,29.35,60.37,1.12
2015-04-28,31.03,51.7,0.04
2015-04-29,32.7,46.14,0.07
2015-04-30,32.98,46.0,0.3
2015-05-01,33.49,45.93,0.18
2015-05-02,32.29,49.31,0.67
2015-05-03,30.93,55.06,1.87
2015-05-04,29.16,62.4,5.38
2015-05-05,29.58,59.98,0.85
2015-05-06,29.38,61.89,0.08
2015-05-07,32.2,52.22,0.03
2015-05-08,32.21,52.43,2.71
2015-05-09,28.62,69.27,12.15
2015-05-10,30.02,61.04,0.54
2015-05-11,29.18,64.54,2.47
2015-05-12,30.57,57.92,0.26
2015-05-13,30.92,57.86,0.7
2015-05-14,32.01,53.05,0.16
2015-05-15,29.56,64.83,2.68
2015-05-16,30.2,58.58,0.78
2015-05-17,31.33,51.14,0.35
2015-05-18,28.5,70.32,10.49
2015-05-19,27.83,73.69,3.97
2015-05-20,28.73,66.12,0.21
2015-05-21,30.59,59.64,1.44
2015-05-22,30.43,62.9,3.74
2015-05-23,28.79,69.98,4.31
2015-05-24,29.62,63.65,1.83
2015-05-25,29.52,64.7,1.41
2015-05-26,31.11,57.96,0.05
2015-05-27,30.09,63.23,1.69
2015-05-28,27.97,71.69,3.12
2015-05-29,29.7,62.89,1.11
2015-05-30,30.97,58.83,0.29
2015-05-31,29.68,65.28,1.45
2015-06-01,27.89,71.44,3.68
2015-06-02,28.16,69.86,1.77
2015-06-03,27.59,72.19,9.3
2015-06-04,28.62,66.57,1.19
2015-06-05,29.03,64.75,2.09
2015-06-06,28.8,67.08,2.25
2015-06-07,28.81,66.73,2.23
2015-06-08,27.24,75.58,3.38
2015-06-09,28.2,69.22,1.67
2015-06-10,27.88,73.98,11.19
2015-06-11,27.6,74.52,2.74
2015-06-12,29.35,68.0,1.19
2015-06-13,28.01,74.3,1.9
2015-06-14,28.38,71.26,4.44
2015-06-15,28.82,67.02,2.3
2015-06-16,29.49,63.27,1.5
2015-06-17,29.98,61.93,0.86
2015-06-18,29.95,60.92,0.94
2015-06-19,28.25,72.83,5.99
2015-06-20,29.17,66.39,11.35
2015-06-21,28.13,69.81,6.13
2015-06-22,28.39,68.95,10.36
2015-06-23,28.63,68.34,3.03
2015-06-24,28.69,68.15,6.94
2015-06-25,28.57,68.52,0.53
2015-06-26,28.65,68.34,0.87
2015-06-27,29.16,65.11,2.23
2015-06-28,28.63,66.62,1.34
2015-06-29,28.67,64.63,0.52
2015-06-30,29.33,61.81,3.46
2015-07-01,30.06,59.8,1.78
2015-07-02,30.73,59.16,2.01
2015-07-03,27.61,72.43,6.32
2015-07-04,27.86,66.92,0.77
2015-07-05,28.01,70.67,4.36
2015-07-06,27.86,71.93,4.74
2015-07-07,28.47,70.67,6.89
2015-07-08,28.2,74.25,7.61
2015-07-09,27.4,77.2,8.44
2015-07-10,28.41,68.58,3.23
2015-07-11,27.76,73.12,24.39
2015-07-12,27.28,78.1,6.8
2015-07-13,27.35,76.28,3.55
2015-07-14,27.74,74.35,0.8
2015-07-15,26.86,78.69,12.4
2015-07-16,25.88,80.69,12.14
2015-07-17,26.67,77.84,1.95
2015-07-18,27.43,77.84,2.6
2015-07-19,27.57,76.54,3.02
2015-07-20,25.69,85.19,9.88
2015-07-21,26.09,80.18,8.57
2015-07-22,26.31,76.4,0.89
2015-07-23,27.28,73.0,1.01
2015-07-24,26.81,75.21,5.48
2015-07-25,27.3,73.22,1.55
2015-07-26,26.79,73.66,2.13
2015-07-27,26.29,77.63,2.41
2015-07-28,24.7,84.76,12.14
2015-07-29,26.36,75.06,1.38
2015-07-30,26.84,72.23,3.09
2015-07-31,27.26,73.97,4.07
2015-08-01,27.41,75.04,3.4
2015-08-02,26.43,77.57,4.22
2015-08-03,26.55,76.72,1.74
2015-08-04,26.84,76.4,3.39
2015-08-05,25.8,80.36,4.21
2015-08-06,26.16,80.46,3.57
2015-08-07,25.38,83.94,11.37
2015-08-08,24.84,86.19,6.58
2015-08-09,25.69,81.45,3.45
2015-08-10,24.65,86.43,47.72
2015-08-11,24.93,86.7,78.6
2015-08-12,25.69,83.44,3.6
2015-08-13,25.24,89.5,8.43
2015-08-14,26.25,85.51,4.17
2015-08-15,25.8,83.33,5.41
2015-08-16,25.77,82.47,4.32
2015-08-17,25.66,85.16,10.19
2015-08-18,26.47,75.81,19.4
2015-08-19,26.67,78.55,1.83
2015-08-20,25.99,83.96,6.07
2015-08-21,25.08,88.68,5.02
2015-08-22,24.59,87.51,7.29
2015-08-23,25.87,83.03,1.98
2015-08-24,25.66,83.34,8.27
2015-08-25,25.63,83.12,2.19
2015-08-26,25.73,81.37,8.77
2015-08-27,25.92,82.43,14.9
2015-08-28,25.48,86.86,15.75
2015-08-29,24.68,86.07,8.8
2015-08-30,24.2,88.07,7.77
2015-08-31,24.91,85.78,4.35
2015-09-01,25.17,86.03,3.76
2015-09-02,25.16,85.67,3.23
2015-09-03,26.26,80.23,5.14
2015-09-04,25.38,84.16,37.72
2015-09-05,26.0,85.19,4.7
2015-09-06,25.19,88.76,10.36
2015-09-07,25.83,83.98,1.75
2015-09-08,25.81,81.88,4.49
2015-09-09,25.37,83.82,5.65
2015-09-10,26.66,77.72,2.59
2015-09-11,26.57,81.23,3.15
2015-09-12,26.8,81.92,5.72
2015-09-13,26.34,82.52,12.73
2015-09-14,25.7,86.67,17.27
2015-09-15,26.1,83.71,4.29
2015-09-16,26.14,81.71,11.15
2015-09-17,26.38,79.43,16.93
2015-09-18,25.78,83.01,8.98
2015-09-19,26.39,81.31,2.23
2015-09-20,25.72,87.61,3.13
2015-09-21,25.28,88.49,14.95
2015-09-22,25.99,84.26,5.33
2015-09-23,26.38,81.61,2.9
2015-09-24,27.53,78.97,1.56
2015-09-25,26.6,84.14,14.32
2015-09-26,25.73,85.27,4.73
2015-09-27,26.58,81.37,0.58
2015-09-28,26.64,82.34,9.07
2015-09-29,26.05,85.17,10.96
2015-09-30,25.45,88.07,18.37
2015-10-01,26.39,84.57,5.82
2015-10-02,27.55,80.26,4.8
2015-10-03,25.85,89.28,9.55
2015-10-04,25.48,86.54,3.42
2015-10-05,26.04,82.14,5.23
2015-10-06,26.23,84.14,7.3
2015-10-07,25.83,85.58,14.16
2015-10-08,26.65,79.92,2.09
2015-10-09,26.16,83.43,3.83
2015-10-10,24.91,87.97,2.87
2015-10-11,26.15,82.26,3.74
2015-10-12,25.46,87.13,4.53
2015-10-13,26.27,84.11,0.74
2015-10-14,27.2,79.42,0.67
2015-10-15,27.46,76.98,1.08
2015-10-16,27.24,79.75,0.27
2015-10-17,27.56,76.97,0.51
2015-10-18,26.59,81.78,6.14
2015-10-19,27.04,78.93,2.28
2015-10-20,26.99,79.19,9.1
2015-10-21,26.83,80.58,2.69
2015-10-22,25.68,85.18,1.51
2015-10-23,27.04,78.91,2.2
2015-10-24,27.24,76.18,0.11
2015-10-25,27.61,74.86,1.12
2015-10-26,27.09,78.06,6.66
2015-10-27,26.85,80.53,6.51
2015-10-28,27.09,75.38,3.61
2015-10-29,26.91,75.36,0.58
2015-10-30,26.77,76.6,0.87
2015-10-31,26.53,79.73,11.48
2015-11-01,25.68,83.13,8.15
2015-11-02,26.26,80.02,0.31
2015-11-03,26.57,73.96,0.0
2015-11-04,25.35,72.86,0.0
2015-11-05,25.68,65.11,0.06
2015-11-06,24.89,64.5,0.02
2015-11-07,24.13,62.22,0.0
2015-11-08,23.29,67.14,0.11
2015-11-09,25.27,70.26,0.41
2015-11-10,26.8,71.26,0.61
2015-11-11,26.33,69.48,1.05
2015-11-12,24.63,69.15,0.0
2015-11-13,23.92,68.83,0.0
2015-11-14,23.6,61.71,0.0
2015-11-15,24.22,55.12,0.0
2015-11-16,23.56,60.15,0.0
2015-11-17,24.35,65.0,0.0
2015-11-18,24.0,65.67,0.0
2015-11-19,24.08,61.75,0.0
2015-11-20,23.76,66.85,0.0
2015-11-21,22.98,67.73,0.0
2015-11-22,24.29,61.04,0.0
2015-11-23,25.25,58.33,0.0
2015-11-24,25.45,60.41,0.0
2015-11-25,24.52,67.11,0.01
2015-11-26,25.94,58.67,0.0
2015-11-27,26.81,54.21,0.0
2015-11-28,26.08,54.91,0.0
2015-11-29,25.1,55.72,0.0
2015-11-30,23.92,49.87,0.0
2015-12-01,22.7,52.89,0.0
2015-12-02,21.72,56.36,0.0
2015-12-03,21.37,60.27,0.0
2015-12-04,20.61,61.53,0.0
2015-12-05,20.5,60.13,0.0
2015-12-06,21.06,58.93,0.0
2015-12-07,21.88,59.53,0.0
2015-12-08,22.12,61.97,0.0
2015-12-09,21.83,56.9,0.0
2015-12-10,21.98,51.06,0.0
2015-12-11,22.13,55.61,0.0
2015-12-12,21.81,53.45,0.0
2015-12-13,21.04,51.52,0.0
2015-12-14,20.65,50.33,0.0
2015-12-15,20.57,50.44,0.0
2015-12-16,20.04,48.7,0.0
2015-12-17,20.05,47.67,0.0
2015-12-18,19.53,46.47,0.0
2015-12-19,19.8,45.94,0.0
2015-12-20,20.71,44.27,0.0
2015-12-21,20.75,50.11,0.0
2015-12-22,21.79,49.44,0.0
2015-12-23,21.34,51.63,0.0
2015-12-24,21.0,48.51,0.0
2015-12-25,19.25,50.18,0.0
2015-12-26,19.92,47.94,0.0
2015-12-27,19.98,47.86,0.0
2015-12-28,20.7,46.01,0.0
2015-12-29,21.59,44.71,0.0
2015-12-30,22.18,43.35,0.0
2015-12-31,21.71,42.52,0.0
