doy,airtemp,humidity,rainfall
1,23.81,0.1714,0.0
2,24.52,0.2177,0.0
3,25.4,0.21530000000000002,0.0
4,24.12,0.21420000000000003,0.0
5,23.75,0.2339,0.0
6,23.37,0.2059,0.0
7,23.29,0.218,0.0
8,23.6,0.22649999999999998,0.0
9,24.02,0.22920000000000001,0.0
10,22.23,0.21289999999999998,0.0
11,21.88,0.1784,0.0
12,22.01,0.1894,0.0
13,21.36,0.18280000000000002,0.0
14,22.13,0.207,0.0
15,23.44,0.2395,0.0
16,24.94,0.23850000000000002,0.0
17,25.85,0.2413,0.0
18,25.51,0.22820000000000001,0.0
19,26.14,0.1979,0.0
20,26.49,0.1759,0.0
21,27.78,0.3166,0.14
22,29.05,0.3713,0.35
23,27.86,0.19579999999999997,0.0
24,28.1,0.2162,0.0
25,27.77,0.262,0.0
26,27.97,0.21739999999999998,0.0
27,27.47,0.1793,0.0
28,26.88,0.1501,0.0
29,26.99,0.12890000000000001,0.0
30,26.71,0.168,0.0
31,28.41,0.2217,0.0
32,29.78,0.3156,0.0
33,28.98,0.1906,0.0
34,29.5,0.185,0.0
35,30.69,0.3722,0.0
36,32.28,0.32299999999999995,0.02
37,30.94,0.2249,0.0
38,31.4,0.23440000000000003,0.0
39,30.69,0.2167,0.0
40,32.09,0.42200000000000004,0.06
41,31.6,0.4683,0.35
42,32.18,0.4629,0.81
43,29.33,0.5811,1.94
44,29.29,0.5539999999999999,0.14
45,30.54,0.4792,0.06
46,30.57,0.5121,0.07
47,30.68,0.3749,0.24
48,28.83,0.2504,0.01
49,29.39,0.2413,0.01
50,28.24,0.6655,17.24
51,28.06,0.6568999999999999,2.51
52,24.44,0.6977,7.13
53,27.15,0.5739,0.1
54,26.64,0.4105,0.0
55,26.62,0.2937,0.0
56,27.09,0.2667,0.0
57,26.35,0.2585,0.0
58,25.72,0.22089999999999999,0.0
59,26.15,0.2065,0.0
60,26.86,0.1634,0.0
61,27.21,0.1542,0.0
62,27.88,0.1436,0.0
63,30.05,0.27940000000000004,0.01
64,31.68,0.327,0.07
65,30.3,0.26280000000000003,0.0
66,30.5,0.18469999999999998,0.0
67,29.78,0.1624,0.0
68,30.09,0.166,0.0
69,31.43,0.3479,0.04
70,33.6,0.3056,0.0
71,32.56,0.4103,0.02
72,32.76,0.34369999999999995,0.79
73,32.99,0.4382,0.98
74,32.61,0.377,0.01
75,32.32,0.4403,0.02
76,32.9,0.4004,0.03
77,31.48,0.4461,0.59
78,31.49,0.4004,0.18
79,32.11,0.3197,0.0
80,31.2,0.5158,1.27
81,28.35,0.6993,6.36
82,29.76,0.6388,1.23
83,30.89,0.5374,0.98
84,29.74,0.5329,1.81
85,30.02,0.6032,1.57
86,30.17,0.5505,0.01
87,30.78,0.3743,0.0
88,29.4,0.21030000000000001,0.0
89,29.13,0.1845,0.0
90,29.91,0.2859,0.0
91,29.86,0.5168,0.5
92,30.66,0.4291,0.04
93,31.1,0.3605,0.0
94,30.52,0.49570000000000003,0.11
95,31.18,0.4593,0.47
96,31.62,0.48350000000000004,1.31
97,32.83,0.4489,0.22
98,30.53,0.5668,1.19
99,30.36,0.5756,0.55
100,31.36,0.5496,0.04
101,31.9,0.5257999999999999,0.13
102,29.32,0.6448999999999999,5.3
103,29.11,0.6465000000000001,0.84
104,28.68,0.4194,0.0
105,29.21,0.2463,0.0
106,29.18,0.3611,0.0
107,29.72,0.293,0.0
108,31.27,0.3553,0.0
109,32.94,0.4164,0.05
110,32.42,0.4471,0.04
111,32.36,0.4962,0.14
112,32.91,0.48729999999999996,0.7
113,32.81,0.47759999999999997,1.03
114,30.77,0.5476,1.03
115,31.1,0.5589999999999999,0.77
116,31.17,0.546,0.55
117,29.35,0.6037,1.12
118,31.03,0.517,0.04
119,32.7,0.46140000000000003,0.07
120,32.98,0.46,0.3
121,33.49,0.4593,0.18
122,32.29,0.49310000000000004,0.67
123,30.93,0.5506,1.87
124,29.16,0.624,5.38
125,29.58,0.5998,0.85
126,29.38,0.6189,0.08
127,32.2,0.5222,0.03
128,32.21,0.5243,2.71
129,28.62,0.6927,12.15
130,30.02,0.6103999999999999,0.54
131,29.18,0.6454000000000001,2.47
132,30.57,0.5792,0.26
133,30.92,0.5786,0.7
134,32.01,0.5305,0.16
135,29.56,0.6483,2.68
136,30.2,0.5858,0.78
137,31.33,0.5114,0.35
138,28.5,0.7031999999999999,10.49
139,27.83,0.7369,3.97
140,28.73,0.6612,0.21
141,30.59,0.5964,1.44
142,30.43,0.629,3.74
143,28.79,0.6998000000000001,4.31
144,29.62,0.6365,1.83
145,29.52,0.647,1.41
146,31.11,0.5796,0.05
147,30.09,0.6323,1.69
148,27.97,0.7169,3.12
149,29.7,0.6289,1.11
150,30.97,0.5882999999999999,0.29
151,29.68,0.6528,1.45
152,27.89,0.7143999999999999,3.68
153,28.16,0.6986,1.77
154,27.59,0.7219,9.3
155,28.62,0.6657,1.19
156,29.03,0.6475,2.09
157,28.8,0.6708,2.25
158,28.81,0.6673,2.23
159,27.24,0.7558,3.38
160,28.2,0.6922,1.67
161,27.88,0.7398,11.19
162,27.6,0.7452,2.74
163,29.35,0.68,1.19
164,28.01,0.743,1.9
165,28.38,0.7126,4.44
166,28.82,0.6701999999999999,2.3
167,29.49,0.6327,1.5
168,29.98,0.6193,0.86
169,29.95,0.6092,0.94
170,28.25,0.7283,5.99
171,29.17,0.6639,11.35
172,28.13,0.6981,6.13
173,28.39,0.6895,10.36
174,28.63,0.6834,3.03
175,28.69,0.6815000000000001,6.94
176,28.57,0.6851999999999999,0.53
177,28.65,0.6834,0.87
178,29.16,0.6511,2.23
179,28.63,0.6662,1.34
180,28.67,0.6463,0.52
181,29.33,0.6181,3.46
182,30.06,0.598,1.78
183,30.73,0.5916,2.01
184,27.61,0.7243,6.32
185,27.86,0.6692,0.77
186,28.01,0.7067,4.36
187,27.86,0.7193,4.74
188,28.47,0.7067,6.89
189,28.2,0.7425,7.61
190,27.4,0.772,8.44
191,28.41,0.6858,3.23
192,27.76,0.7312000000000001,24.39
193,27.28,0.7809999999999999,6.8
194,27.35,0.7628,3.55
195,27.74,0.7434999999999999,0.8
196,26.86,0.7868999999999999,12.4
197,25.88,0.8069,12.14
198,26.67,0.7784,1.95
199,27.43,0.7784,2.6
200,27.57,0.7654000000000001,3.02
201,25.69,0.8519,9.88
202,26.09,0.8018000000000001,8.57
203,26.31,0.764,0.89
204,27.28,0.73,1.01
205,26.81,0.7521,5.48
206,27.3,0.7322,1.55
207,26.79,0.7365999999999999,2.13
208,26.29,0.7763,2.41
209,24.7,0.8476,12.14
210,26.36,0.7506,1.38
211,26.84,0.7223,3.09
212,27.26,0.7397,4.07
213,27.41,0.7504000000000001,3.4
214,26.43,0.7757,4.22
215,26.55,0.7672,1.74
216,26.84,0.764,3.39
217,25.8,0.8036,4.21
218,26.16,0.8046,3.57
219,25.38,0.8393999999999999,11.37
220,24.84,0.8619,6.58
221,25.69,0.8145,3.45
222,24.65,0.8643000000000001,47.72
223,24.93,0.867,78.6
224,25.69,0.8344,3.6
225,25.24,0.895,8.43
226,26.25,0.8551000000000001,4.17
227,25.8,0.8332999999999999,5.41
228,25.77,0.8247,4.32
229,25.66,0.8515999999999999,10.19
230,26.47,0.7581,19.4
231,26.67,0.7855,1.83
232,25.99,0.8395999999999999,6.07
233,25.08,0.8868,5.02
234,24.59,0.8751000000000001,7.29
235,25.87,0.8303,1.98
236,25.66,0.8334,8.27
237,25.63,0.8312,2.19
238,25.73,0.8137000000000001,8.77
239,25.92,0.8243,14.9
240,25.48,0.8686,15.75
241,24.68,0.8606999999999999,8.8
242,24.2,0.8806999999999999,7.77
243,24.91,0.8578,4.35
244,25.17,0.8603000000000001,3.76
245,25.16,0.8567,3.23
246,26.26,0.8023,5.14
247,25.38,0.8416,37.72
248,26.0,0.8519,4.7
249,25.19,0.8876000000000001,10.36
250,25.83,0.8398,1.75
251,25.81,0.8188,4.49
252,25.37,0.8382,5.65
253,26.66,0.7772,2.59
254,26.57,0.8123,3.15
255,26.8,0.8192,5.72
256,26.34,0.8251999999999999,12.73
257,25.7,0.8667,17.27
258,26.1,0.8371,4.29
259,26.14,0.8170999999999999,11.15
260,26.38,0.7943000000000001,16.93
261,25.78,0.8301000000000001,8.98
262,26.39,0.8131,2.23
263,25.72,0.8761,3.13
264,25.28,0.8848999999999999,14.95
265,25.99,0.8426,5.33
266,26.38,0.8161,2.9
267,27.53,0.7897,1.56
268,26.6,0.8414,14.32
269,25.73,0.8527,4.73
270,26.58,0.8137000000000001,0.58
271,26.64,0.8234,9.07
272,26.05,0.8517,10.96
273,25.45,0.8806999999999999,18.37
274,26.39,0.8456999999999999,5.82
275,27.55,0.8026000000000001,4.8
276,25.85,0.8928,9.55
277,25.48,0.8654000000000001,3.42
278,26.04,0.8214,5.23
279,26.23,0.8414,7.3
280,25.83,0.8558,14.16
281,26.65,0.7992,2.09
282,26.16,0.8343,3.83
283,24.91,0.8797,2.87
284,26.15,0.8226,3.74
285,25.46,0.8713,4.53
286,26.27,0.8411,0.74
287,27.2,0.7942,0.67
288,27.46,0.7698,1.08
289,27.24,0.7975,0.27
290,27.56,0.7696999999999999,0.51
291,26.59,0.8178,6.14
292,27.04,0.7893000000000001,2.28
293,26.99,0.7918999999999999,9.1
294,26.83,0.8058,2.69
295,25.68,0.8518000000000001,1.51
296,27.04,0.7890999999999999,2.2
297,27.24,0.7618,0.11
298,27.61,0.7486,1.12
299,27.09,0.7806000000000001,6.66
300,26.85,0.8053,6.51
301,27.09,0.7537999999999999,3.61
302,26.91,0.7536,0.58
303,26.77,0.7659999999999999,0.87
304,26.53,0.7973,11.48
305,25.68,0.8312999999999999,8.15
306,26.26,0.8001999999999999,0.31
307,26.57,0.7395999999999999,0.0
308,25.35,0.7286,0.0
309,25.68,0.6511,0.06
310,24.89,0.645,0.02
311,24.13,0.6222,0.0
312,23.29,0.6714,0.11
313,25.27,0.7026,0.41
314,26.8,0.7126,0.61
315,26.33,0.6948000000000001,1.05
316,24.63,0.6915,0.0
317,23.92,0.6883,0.0
318,23.6,0.6171,0.0
319,24.22,0.5512,0.0
320,23.56,0.6015,0.0
321,24.35,0.65,0.0
322,24.0,0.6567000000000001,0.0
323,24.08,0.6175,0.0
324,23.76,0.6685,0.0
325,22.98,0.6773,0.0
326,24.29,0.6103999999999999,0.0
327,25.25,0.5832999999999999,0.0
328,25.45,0.6041,0.0
329,24.52,0.6711,0.01
330,25.94,0.5867,0.0
331,26.81,0.5421,0.0
332,26.08,0.5490999999999999,0.0
333,25.1,0.5572,0.0
334,23.92,0.4987,0.0
335,22.7,0.5289,0.0
336,21.72,0.5636,0.0
337,21.37,0.6027,0.0
338,20.61,0.6153,0.0
339,20.5,0.6013000000000001,0.0
340,21.06,0.5893,0.0
341,21.88,0.5953,0.0
342,22.12,0.6197,0.0
343,21.83,0.569,0.0
344,21.98,0.5106,0.0
345,22.13,0.5561,0.0
346,21.81,0.5345,0.0
347,21.04,0.5152,0.0
348,20.65,0.5033,0.0
349,20.57,0.5044,0.0
350,20.04,0.48700000000000004,0.0
351,20.05,0.4767,0.0
352,19.53,0.4647,0.0
353,19.8,0.4594,0.0
354,20.71,0.44270000000000004,0.0
355,20.75,0.5011,0.0
356,21.79,0.49439999999999995,0.0
357,21.34,0.5163,0.0
358,21.0,0.4851,0.0
359,19.25,0.5018,0.0
360,19.92,0.4794,0.0
361,19.98,0.47859999999999997,0.0
362,20.7,0.46009999999999995,0.0
363,21.59,0.4471,0.0
364,22.18,0.4335,0.0
365,21.71,0.4252,0.0
