month,PfPR,Cases,Severe_cases,New_infections,Anemia,Mean_density,Gametocyte_prevalence,Pop,agebin,Run_Number,Year
1,0.1561338289963,2.713754653931,0.0,0,82.76951694489,3.731089804854,0.04089219330855,8.966666666667,0.25,3,2023.0
2,0.1489361702128,2.218844890594,0.0,9,124.2553138733,3.186270463223,0.1641337386018,10.96666666667,0.25,3,2023.0
3,0.2846715328467,2.664233565331,1.77615571022,9,141.2043789625,3.979488774243,0.1338199513382,13.7,0.25,3,2023.0
4,0.4056399132321,3.958785235882,0.0,16,222.4837302566,3.518304112761,0.2776572668113,15.36666666667,0.25,3,2023.0
5,0.6899766899767,5.955710828304,1.70163166523,9,275.6643297672,3.831486811106,0.4638694638695,14.3,0.25,3,2023.0
6,0.7,4.055555462837,0.0,2,291.9999933243,3.132984366366,0.6148148148148,9.0,0.25,3,2023.0
7,0.5904761904762,3.476190567017,1.738095283508,4,260.7142925262,3.034310573532,0.3619047619048,7.0,0.25,3,2023.0
8,0.6358024691358,4.506172657013,0.0,4,259.1049277782,3.541552278602,0.4074074074074,5.4,0.25,3,2023.0
9,0.4306930693069,1.806930661201,0.0,5,186.1138581038,3.120624295596,0.3861386138614,6.733333333333,0.25,3,2023.0
10,0.3369565217391,5.951086878777,0.0,3,172.5815194845,4.15505701688,0.2010869565217,6.133333333333,0.25,3,2023.0
11,0.3609958506224,4.543568372726,0.0,8,178.7136893272,3.77564981614,0.2033195020747,8.033333333333,0.25,3,2023.0
12,0.4565217391304,2.644927501678,0.0,3,191.7572438717,4.30419717327,0.3260869565217,9.2,0.25,3,2023.0
13,0.2961165048544,1.771844625473,0.8859223127365,4,132.8883469105,3.144279457507,0.2694174757282,13.73333333333,0.25,3,2024.0
14,0.2543640897756,0.9102244377136,0.9102244377136,6,119.2394013405,3.735038543449,0.1745635910224,13.36666666667,0.25,3,2024.0
15,0.3904494382022,3.075842857361,0.0,5,171.2219190598,3.453656525063,0.2837078651685,11.86666666667,0.25,3,2024.0
16,0.4369369369369,1.644144177437,1.644144177437,0,159.4819852114,3.751692888663,0.3693693693694,7.4,0.25,3,2024.0
17,0.2521367521368,3.119658231735,0.0,10,151.3034242392,3.072658484265,0.1025641025641,7.8,0.25,3,2024.0
18,0.5123966942149,4.52479326725,0.0,3,214.1735479832,3.860708681806,0.3595041322314,8.066666666667,0.25,3,2024.0
19,0.6305418719212,0.0,0.0,2,278.6945790052,2.743471770547,0.5418719211823,6.766666666667,0.25,3,2024.0
1,0.1430681578392,2.772736787796,0.07702046632767,0,32.34859585762,3.880727961,0.03101920236337,157.9666666667,5.0,3,2023.0
2,0.2108073472875,1.559162735939,0.0,148,69.38274174929,2.923728670272,0.2165741136267,156.0666666667,5.0,3,2023.0
3,0.5523526918186,5.415430292487,0.232089869678,114,145.2108951285,3.863221054341,0.2990674014413,157.2666666667,5.0,3,2023.0
4,0.7560401967073,3.433825075626,0.4682488739491,116,218.2820167392,3.498492458287,0.6136412230062,155.9,5.0,3,2023.0
5,0.8678002125399,2.24973436445,0.4654622823,41,216.5175383165,3.096709397999,0.65738575983,156.8333333333,5.0,3,2023.0
6,0.774528106202,2.119892060757,0.0,53,162.2474530786,2.514780624735,0.5140012445551,160.7,5.0,3,2023.0
7,0.6382189239332,2.332508862019,0.0,86,121.7419141531,2.626145642049,0.3518862090291,161.7,5.0,3,2023.0
8,0.6728356981287,4.128110408783,0.07505655288696,101,152.8901982307,3.138818143924,0.3931729385153,162.1,5.0,3,2023.0
9,0.697908121411,2.545118883252,0.1497128754854,116,185.9433913529,3.255502136602,0.5404019688269,162.5333333333,5.0,3,2023.0
10,0.8391980360065,4.704378157854,0.0,90,205.2004948854,3.267836338424,0.6090425531915,162.9333333333,5.0,3,2023.0
11,0.8356650657757,2.972436971962,0.1524326652288,88,199.0770607889,3.030800366211,0.663395280852,159.6333333333,5.0,3,2023.0
12,0.838207840697,3.785521537066,0.0,71,181.4779024869,2.942964146409,0.5822443476457,160.7,5.0,3,2023.0
13,0.7852644836272,1.992023468018,0.07661628723145,60,160.204656601,2.815728362408,0.5642317380353,158.8,5.0,3,2024.0
14,0.7225010455876,2.900460109115,0.0,85,136.2452972308,2.759590477122,0.4732329569218,159.4,5.0,3,2024.0
15,0.7100186683261,4.61833627522,0.07571043074131,118,142.7141619474,3.012234293401,0.451773490977,160.7,5.0,3,2024.0
16,0.7869618196588,3.92871657759,0.07412672787905,107,196.2875754237,3.298441192412,0.5922014622258,164.1333333333,5.0,3,2024.0
17,0.8360991600082,3.514648549259,0.07477975636721,85,195.9229616821,3.101704290789,0.6562179881172,162.7,5.0,3,2024.0
18,0.8363636363636,3.653728120029,0.07456588000059,85,169.8610746413,2.91505539755,0.6067415730337,163.1666666667,5.0,3,2024.0
19,0.7961967755271,3.168664813042,0.0,82,172.7676767111,2.897880935161,0.5560148821827,161.2666666667,5.0,3,2024.0
1,0.1278237575467,2.553876303136,0.01459357887506,0,23.69997209311,3.883552305953,0.02235016592699,833.7,115.0,3,2023.0
2,0.2396456787168,2.621498722583,0.04369164537638,1367,37.03595139738,2.959853106981,0.2099193998883,835.4,115.0,3,2023.0
3,0.769378066781,7.338732406497,0.02912195399404,586,197.2138724476,4.115741728049,0.4545817209878,835.5666666667,115.0,3,2023.0
4,0.9014629090764,2.007812792435,0.0,300,176.2801434286,3.280503614666,0.8181926894407,836.2333333333,115.0,3,2023.0
5,0.9229666215247,0.9886082783341,0.0,70,83.18847895041,2.589067135741,0.6141559786505,836.8666666667,115.0,3,2023.0
6,0.7871300893744,0.7684210510924,0.0,152,29.2869910039,2.03889394686,0.3396226415094,839.1666666667,115.0,3,2023.0
7,0.7251856853477,1.71068828553,0.0,364,37.53366077319,2.108133421486,0.2268737339635,839.2333333333,115.0,3,2023.0
8,0.7373358348968,4.575066743419,0.01457027625293,492,80.90874403249,2.706624048531,0.3032214282863,835.0333333333,115.0,3,2023.0
9,0.802053668124,3.499057425186,0.01464040763676,552,126.2295946442,3.039843677187,0.5451445990935,831.0333333333,115.0,3,2023.0
10,0.8961512275221,4.019984835759,0.01461812667549,385,139.6908185109,3.116464853644,0.6301413753054,832.3,115.0,3,2023.0
11,0.8896482813749,2.596722563729,0.0,324,106.8595099961,2.805411481521,0.6577537969624,834.0,115.0,3,2023.0
12,0.8706254504685,3.346880692057,0.01461519952863,300,86.74120920245,2.671076048107,0.5342356050292,832.4666666667,115.0,3,2023.0
13,0.8339526149666,2.916616760194,0.0,319,83.03607916273,2.630597930255,0.4997802549043,834.3,115.0,3,2024.0
14,0.7890559566067,3.071630809456,0.01455749198794,420,75.97555068508,2.617914073028,0.4665576516572,835.7666666667,115.0,3,2024.0
15,0.826962252846,4.053125616163,0.0,447,98.06231256947,2.873956983385,0.5024965048931,834.5,115.0,3,2024.0
16,0.8513394642143,3.852858737111,0.014594161883,431,108.6681293808,2.927562680238,0.5912834866054,833.6666666667,115.0,3,2024.0
17,0.8685502214773,3.175306299701,0.01456562522799,367,100.6047734497,2.833361345183,0.587812761882,835.3,115.0,3,2024.0
18,0.8631481926745,3.217921014875,0.0,339,86.37192542199,2.732552438428,0.5600705297748,831.8,115.0,3,2024.0
19,0.8524215839442,3.143652519211,0.0,387,77.39233853109,2.62713439224,0.5192484877619,832.1,115.0,3,2024.0
1,0.1146131805158,2.091690540314,1.045845270157,0,62.75071620941,3.832781973481,0.02865329512894,11.63333333333,0.25,4,2023.0
2,0.1875,1.200657844543,0.0,3,92.45065402985,2.522270487066,0.1907894736842,10.13333333333,0.25,4,2023.0
3,0.2931937172775,1.910994768143,1.910994768143,1,147.146597147,4.046377971768,0.1675392670157,6.366666666667,0.25,4,2023.0
4,0.3913043478261,3.526570081711,0.0,10,208.0676348209,3.80796011289,0.256038647343,6.9,0.25,4,2023.0
5,0.5298507462687,6.809701323509,0.0,4,249.2350684404,3.764893003753,0.3171641791045,8.933333333333,0.25,4,2023.0
6,0.5157894736842,1.280701756477,1.280701756477,3,195.947368741,3.451971025694,0.4842105263158,9.5,0.25,4,2023.0
7,0.3810888252149,6.275071620941,0.0,13,226.948423624,3.105728120732,0.2263610315186,11.63333333333,0.25,4,2023.0
8,0.6100386100386,2.818532705307,0.0,4,226.8918827772,3.990026845962,0.4749034749035,8.633333333333,0.25,4,2023.0
9,0.5371900826446,1.508264422417,0.0,6,230.7644566298,3.403289528076,0.5165289256198,8.066666666667,0.25,4,2023.0
10,0.5514018691589,3.41121506691,0.0,2,259.2523450851,3.803162394944,0.3831775700935,3.566666666667,0.25,4,2023.0
11,0.4033613445378,3.067226886749,0.0,6,205.5042014122,2.979467513661,0.3109243697479,3.966666666667,0.25,4,2023.0
12,0.3943661971831,5.140845298767,0.0,2,154.225358963,4.22682778963,0.2042253521127,4.733333333333,0.25,4,2023.0
13,0.247491638796,1.220735788345,0.0,3,115.9698998928,3.320013690639,0.1973244147157,9.966666666667,0.25,4,2024.0
14,0.2951289398281,2.091690540314,0.0,3,120.272206068,2.992439568621,0.1919770773639,11.63333333333,0.25,4,2024.0
15,0.2275641025641,2.339743614197,0.0,3,107.6282062531,3.269205484592,0.1987179487179,10.4,0.25,4,2024.0
16,0.3056768558952,1.593886494637,1.593886494637,11,180.1091738939,3.536247665542,0.2052401746725,7.633333333333,0.25,4,2024.0
17,0.4223300970874,3.543689250946,5.315533876419,3,178.9563071728,4.29957003018,0.2864077669903,6.866666666667,0.25,4,2024.0
18,0.3686006825939,3.737201213837,0.0,6,181.8771257401,3.364613630154,0.2525597269625,9.766666666667,0.25,4,2024.0
19,0.5782608695652,1.586956501007,1.586956501007,4,228.521736145,3.553440673907,0.4304347826087,7.666666666667,0.25,4,2024.0
1,0.1243916682889,2.415807008743,0.0,0,27.42651486397,3.905574436292,0.02472260073973,171.2333333333,5.0,4,2023.0
2,0.1953777432511,1.205088362098,0.0,168,58.41134178638,2.965424215817,0.1887745193241,171.6333333333,5.0,4,2023.0
3,0.5636468997489,5.71083625406,0.2115124538541,126,143.4759478644,3.778478143312,0.2976627390381,172.5666666667,5.0,4,2023.0
4,0.7376543209877,3.520447388291,0.1408178955317,116,224.1116807386,3.524001828578,0.5976080246914,172.8,5.0,4,2023.0
5,0.8440671350507,1.780835352838,0.142466828227,41,199.9521934167,3.080034494317,0.666081186573,170.8,5.0,4,2023.0
6,0.7636825645035,2.568412810564,0.07134480029345,60,132.6299837455,2.526409087323,0.4761532447224,170.5333333333,5.0,4,2023.0
7,0.6539663931223,2.852676808834,0.07131692022085,112,117.3163337633,2.688463077817,0.3698710433763,170.6,5.0,4,2023.0
8,0.7203909543887,3.77730922401,0.0,91,173.9660748169,3.305046168976,0.4633959371407,173.9333333333,5.0,4,2023.0
9,0.7101338432122,2.163480013609,0.0,106,179.1501030624,3.015237654706,0.5671128107075,174.3333333333,5.0,4,2023.0
10,0.8054272517321,5.408968664706,0.0,118,173.2274899632,3.107097616731,0.5215550423403,173.2,5.0,4,2023.0
11,0.8295101088647,3.122083961964,0.0,104,212.9403174967,3.175129816156,0.6407465007776,171.4666666667,5.0,4,2023.0
12,0.8746286393345,3.036244913936,0.1445830911398,68,196.4161293134,2.990856623061,0.65834818776,168.3,5.0,4,2023.0
13,0.806855500821,2.322454825044,0.1498357951641,53,144.2169528455,2.744808294336,0.5798440065681,162.4,5.0,4,2024.0
14,0.7122524752475,2.10808584094,0.0,85,116.8481866121,2.536660795967,0.4280115511551,161.6,5.0,4,2024.0
15,0.679638199411,4.52986959368,0.0,120,129.0628946945,3.033524074963,0.4045014724443,158.4666666667,5.0,4,2024.0
16,0.7783750258425,3.923919707537,0.07545999437571,101,200.2708250731,3.324413334168,0.5813520777341,161.2333333333,5.0,4,2024.0
17,0.8224802986313,3.330568224192,0.227084197104,72,185.2250101045,3.122709659363,0.6437163002903,160.7333333333,5.0,4,2024.0
18,0.8405154203633,3.392480045557,0.1542036384344,86,164.8436894864,2.861438566909,0.6157583438952,157.8,5.0,4,2024.0
19,0.7963636363636,3.122994601727,0.07807486504316,75,146.7807462811,2.882702747885,0.5546524064171,155.8333333333,5.0,4,2024.0
1,0.1296818200384,2.608953113668,0.0,0,23.9129188247,3.894408140896,0.02107584854797,816.1,115.0,4,2023.0
2,0.2392150436314,2.616862603463,0.0,1236,38.10151950642,3.006992640326,0.2139784505715,813.6333333333,115.0,4,2023.0
3,0.7412418754854,6.997710619122,0.08952295035124,576,185.4169506691,4.048417032511,0.4337979806238,815.4333333333,115.0,4,2023.0
4,0.8653398177286,2.118190355599,0.01491683349013,333,173.0949358195,3.322163118726,0.7849523887368,815.6333333333,115.0,4,2023.0
5,0.9065864341561,0.8815342430025,0.01494125835598,69,91.85885637254,2.65785949993,0.619304924475,814.3,115.0,4,2023.0
6,0.7840601133284,0.8842490054667,0.0,139,28.26599363238,2.043483116016,0.3518929128685,811.8,115.0,4,2023.0
7,0.7218764169999,2.211756457575,0.04513788688928,357,38.322065969,2.132762016738,0.2197534935488,808.6333333333,115.0,4,2023.0
8,0.7508477379869,4.030063661747,0.04528161417693,433,88.22367828805,2.718933523033,0.331031345629,806.0666666667,115.0,4,2023.0
9,0.8025853880147,3.572667508386,0.0,507,117.3101204652,2.95764782978,0.5245942262421,807.1,115.0,4,2023.0
10,0.8662232076866,4.31633412838,0.0,397,132.4275290221,3.103478930142,0.6108647450111,811.8,115.0,4,2023.0
11,0.8805326100358,2.685036782175,0.0,299,114.3765668385,2.8438381419,0.6497349278757,811.1,115.0,4,2023.0
12,0.8522195782391,3.009969606064,0.0149749731645,317,83.41060052626,2.643274062898,0.5333962418971,812.4666666667,115.0,4,2023.0
13,0.8162235352043,2.920359489508,0.0,282,83.17782874219,2.616725606286,0.471442639094,812.4,115.0,4,2024.0
14,0.7846268102488,2.861327650025,0.01505961921066,368,81.66831497941,2.63796945549,0.4627222841111,807.9,115.0,4,2024.0
15,0.7914054767403,3.718038626015,0.0,432,89.75977460295,2.776252854193,0.4673787528868,808.2666666667,115.0,4,2024.0
16,0.8349290194784,4.051873572171,0.0,447,105.7554065064,2.933839016355,0.5456008583691,807.7333333333,115.0,4,2024.0
17,0.8598697229551,3.746907946654,0.0,375,108.9913825607,2.913888815552,0.6005524406332,808.5333333333,115.0,4,2024.0
18,0.8660670077571,3.192771162838,0.0,343,95.27108667977,2.793894876492,0.5848324806074,807.8666666667,115.0,4,2024.0
19,0.8538081515027,3.23075346183,0.0,362,83.75916184299,2.699973628677,0.5505146150679,809.6666666667,115.0,4,2024.0
1,0.0,0.0,0.0,0,0.0,0.0,0.0,6.666666666667,0.25,1,2023.0
2,0.0,0.0,0.0,4,32.2789106369,0.0,0.0,4.9,0.25,1,2023.0
3,0.2794117647059,8.051470756531,0.0,6,193.2352981567,3.818379869587,0.007352941176471,4.533333333333,0.25,1,2023.0
4,0.5191256830601,5.983606696129,0.0,9,263.2786946297,3.837498377499,0.2950819672131,6.1,0.25,1,2023.0
5,0.4692556634304,2.362459659576,0.0,3,184.271853447,3.580807458943,0.336569579288,10.3,0.25,1,2023.0
6,0.4934640522876,3.578431248665,0.0,2,227.8267894983,3.051302184332,0.3464052287582,10.2,0.25,1,2023.0
7,0.4252577319588,2.82216489315,0.0,8,203.1958723068,2.998645600406,0.3118556701031,12.93333333333,0.25,1,2023.0
8,0.4715909090909,3.110795617104,1.036931872368,7,210.4971700907,3.862513891186,0.3125,11.73333333333,0.25,1,2023.0
9,0.5855855855856,2.192192077637,0.0,9,243.3333206177,3.817965582701,0.4924924924925,11.1,0.25,1,2023.0
10,0.4265402843602,1.729857802391,0.0,2,164.3364912271,3.018169036176,0.3601895734597,7.033333333333,0.25,1,2023.0
11,0.3582887700535,7.807486534119,1.95187163353,6,208.8502647877,3.743523627964,0.0855614973262,6.233333333333,0.25,1,2023.0
12,0.4821428571429,0.0,0.0,3,193.9062479734,3.75617564166,0.4285714285714,7.466666666667,0.25,1,2023.0
13,0.3820598006645,2.425249099731,0.0,5,170.9800615311,3.174099614309,0.2923588039867,10.03333333333,0.25,1,2024.0
14,0.3524590163934,2.99180316925,0.0,6,148.0942568779,4.170156126799,0.2213114754098,8.133333333333,0.25,1,2024.0
15,0.43961352657,5.289855122566,0.0,4,215.1207749844,3.503537593307,0.3236714975845,6.9,0.25,1,2024.0
16,0.6318681318681,6.016483783722,0.0,9,336.9230918884,3.916653200854,0.4175824175824,6.066666666667,0.25,1,2024.0
17,0.7643979057592,1.910994768143,0.0,0,279.0052361488,3.645939898001,0.6858638743455,6.366666666667,0.25,1,2024.0
18,0.5608695652174,3.173913002014,0.0,7,255.4999966621,2.543712883957,0.3521739130435,7.666666666667,0.25,1,2024.0
19,0.4155251141553,3.33333325386,0.0,5,181.6666623354,3.58083159321,0.2876712328767,7.3,0.25,1,2024.0
1,0.1453322462291,2.752751767635,0.0,0,32.36343294382,3.848093132485,0.02975947818997,163.5333333333,5.0,1,2023.0
2,0.2165682882149,1.708731859922,0.0,153,70.50376239419,2.967642888539,0.2238957866884,163.7666666667,5.0,1,2023.0
3,0.628242074928,6.536640644073,0.5259366035461,146,161.1620020866,3.806723378394,0.3211198023878,161.9333333333,5.0,1,2023.0
4,0.7723695111848,3.250828437507,0.0,106,237.9152812287,3.604628584857,0.672328086164,160.9333333333,5.0,1,2023.0
5,0.8877400295421,2.079552590847,0.1540409326553,26,206.7229316235,3.03293584182,0.7058451150032,157.9666666667,5.0,1,2023.0
6,0.7867379679144,1.951871626079,0.0,50,123.7486610934,2.430443441822,0.4926203208556,155.8333333333,5.0,1,2023.0
7,0.6554640069384,2.453382499516,0.0,91,110.5604952201,2.617656455937,0.3497398091934,153.7333333333,5.0,1,2023.0
8,0.6665961497779,4.555743522942,0.07721599191427,97,153.0420959741,3.152680359655,0.3890416754813,157.5666666667,5.0,1,2023.0
9,0.7311782220332,3.726073980331,0.2328796237707,112,188.0114829242,3.316670874165,0.5627392598894,156.7333333333,5.0,1,2023.0
10,0.8540392322295,3.541446819901,0.0,83,210.9470497072,3.231600175348,0.6483864163679,158.0333333333,5.0,1,2023.0
11,0.8487092678798,3.475454896688,0.0,105,188.4468877316,2.992963881155,0.6432501057977,157.5333333333,5.0,1,2023.0
12,0.8670912951168,4.029724180698,0.232484087348,63,189.319541797,3.040686561825,0.6165605095541,157.0,5.0,1,2023.0
13,0.8145766345123,2.425509050488,0.0,65,165.247584343,2.812022785607,0.609860664523,155.5,5.0,1,2024.0
14,0.7517654611599,2.890006393194,0.07810828089714,89,131.0656953454,2.753390623537,0.4894072330409,155.7666666667,5.0,1,2024.0
15,0.7568201193521,4.045183420181,0.0,82,155.8173536658,3.023835576678,0.5042625745951,156.4,5.0,1,2024.0
16,0.7553711976175,4.037438690662,0.07764305174351,108,163.9044822305,3.061183800901,0.566262497341,156.7,5.0,1,2024.0
17,0.8122362869198,3.850210830569,0.0,81,180.8829048201,3.118768188055,0.6052742616034,158.0,5.0,1,2024.0
18,0.8098515809852,3.454506278038,0.07851150631905,85,162.0477490425,2.944890833598,0.6007743600774,154.9666666667,5.0,1,2024.0
19,0.8012192466797,3.417156547308,0.07946875691414,88,167.3612020612,2.99785955166,0.5608534726758,153.1,5.0,1,2024.0
1,0.1135760790933,2.273731981404,0.0,0,20.74230336584,3.873754600557,0.01913029499236,829.4,115.0,1,2023.0
2,0.2149717514124,2.312550479546,0.0,1206,32.6997583732,2.948534568322,0.1869652945924,826.0,115.0,1,2023.0
3,0.7335997739292,7.617980662733,0.04420491680503,694,182.522101488,4.079042251936,0.413467361027,825.7,115.0,1,2023.0
4,0.8972752263907,2.154349980876,0.0,337,191.3239852879,3.390913506391,0.8152894566624,824.5333333333,115.0,1,2023.0
5,0.9355956795099,0.61784619838,0.0,54,97.34019749239,2.657130384338,0.6542801870063,827.0666666667,115.0,1,2023.0
6,0.7928620287289,1.028044875711,0.0,156,23.58628671989,2.018374950751,0.3478855671348,828.4333333333,115.0,1,2023.0
7,0.7166378860287,1.81759769842,0.0,340,38.43339649402,2.122887401622,0.223043251275,830.0333333333,115.0,1,2023.0
8,0.7354778893054,4.399363141507,0.0,493,82.24896308035,2.711403492073,0.3033014874834,826.9,115.0,1,2023.0
9,0.8029344189609,3.678100649267,0.0,526,132.0291009061,3.081192094842,0.5465355314604,826.9666666667,115.0,1,2023.0
10,0.8859376889283,4.325097804889,0.01471121702343,395,134.4458123771,3.093087372249,0.6360485268631,827.0333333333,115.0,1,2023.0
11,0.8859398284264,2.866607545875,0.02940110303462,334,114.664301835,2.863511882603,0.6545168955657,827.6333333333,115.0,1,2023.0
12,0.8704423918328,3.193971812725,0.01478690654039,276,89.94875248522,2.684627311385,0.5477637335926,822.8,115.0,1,2023.0
13,0.8252470616943,2.894586967304,0.0,308,80.15779294074,2.594488575188,0.4931880108992,819.6333333333,115.0,1,2024.0
14,0.8091385828692,2.848896324635,0.04451400507241,414,80.94129922334,2.618876133174,0.4631895605512,819.9666666667,115.0,1,2024.0
15,0.8168991110024,4.033724693581,0.0,442,96.89870020375,2.857510583612,0.4964113856945,817.4,115.0,1,2024.0
16,0.8529771116722,3.760894430801,0.0,421,112.2173599135,2.944974088607,0.5771768347316,818.4666666667,115.0,1,2024.0
17,0.8651561543172,3.51663601771,0.01490100007504,392,108.0471515441,2.887119193253,0.6042049397836,816.5,115.0,1,2024.0
18,0.8614281056407,3.019848347642,0.01487610023469,343,89.15246870648,2.759321254996,0.5722204108249,817.8666666667,115.0,1,2024.0
19,0.8541412167115,3.344124136493,0.0,355,84.48000707477,2.706084058922,0.5416972066129,818.6,115.0,1,2024.0
1,0.09852216748768,1.798029541969,0.0,0,53.94088625908,3.795824086666,0.01970443349754,6.766666666667,0.25,0,2023.0
2,0.07234042553191,0.0,0.0,5,85.4255348444,3.322850395651,0.1021276595745,7.833333333333,0.25,0,2023.0
3,0.3409090909091,6.221591234207,0.0,8,170.0568270683,3.909524556001,0.09090909090909,5.866666666667,0.25,0,2023.0
4,0.5058365758755,5.680933952332,0.0,5,257.062261343,3.747610546075,0.2801556420233,8.566666666667,0.25,0,2023.0
5,0.6580086580087,3.160173177719,0.0,1,289.1558457613,3.617262686554,0.6147186147186,7.7,0.25,0,2023.0
6,0.5302491103203,2.597864866257,0.0,4,226.0142433643,2.839326835319,0.3914590747331,9.366666666667,0.25,0,2023.0
7,0.3493975903614,4.39759016037,0.0,12,187.9969793558,2.999239593744,0.2078313253012,11.06666666667,0.25,0,2023.0
8,0.7062146892655,6.186440706253,1.031073451042,14,309.3220353127,3.848046647549,0.4293785310734,11.8,0.25,0,2023.0
9,0.7261904761905,1.086309552193,1.086309552193,5,298.735126853,3.50770820262,0.6309523809524,11.2,0.25,0,2023.0
10,0.4613003095975,3.390092968941,0.0,8,203.4055781364,3.005997133735,0.3065015479876,10.76666666667,0.25,0,2023.0
11,0.5390334572491,6.784386634827,0.0,7,238.8104095459,3.940933076267,0.364312267658,8.966666666667,0.25,0,2023.0
12,0.58203125,4.27734375,1.42578125,6,253.7890625,3.702632269603,0.48046875,8.533333333333,0.25,0,2023.0
13,0.4057142857143,4.17142868042,0.0,3,212.7428627014,3.338646291007,0.2285714285714,5.833333333333,0.25,0,2024.0
14,0.42578125,2.8515625,0.0,9,198.18359375,3.48711987701,0.2734375,8.533333333333,0.25,0,2024.0
15,0.4217252396166,3.498402714729,0.0,5,202.9073574543,3.33931561582,0.2939297124601,10.43333333333,0.25,0,2024.0
16,0.5150501672241,4.882943153381,0.0,8,222.1739134789,3.339303117294,0.3377926421405,9.966666666667,0.25,0,2024.0
17,0.5241635687732,4.070631980896,0.0,4,225.2416362762,3.721721704125,0.3754646840149,8.966666666667,0.25,0,2024.0
18,0.5852534562212,3.364055395126,0.0,2,235.4838776588,3.441705315132,0.3963133640553,7.233333333333,0.25,0,2024.0
19,0.5047169811321,3.44339632988,0.0,9,203.1603834629,2.862906760144,0.4056603773585,7.066666666667,0.25,0,2024.0
1,0.1481331168831,2.814529165626,0.07406655699015,0,32.44115196168,3.857321797005,0.03084415584416,164.2666666667,5.0,0,2023.0
2,0.2265090230243,1.665629476309,0.0,152,71.31922575831,2.991703359417,0.2362580377515,160.7,5.0,0,2023.0
3,0.6118932548855,6.059045881033,0.2300903499126,128,160.603064239,3.801791842167,0.3284303425089,158.6333333333,5.0,0,2023.0
4,0.7949586951917,3.788392417133,0.2319423928857,111,233.9525602907,3.487554191622,0.6710442702817,157.3666666667,5.0,0,2023.0
5,0.8988573846805,2.085272938013,0.2316969931126,25,221.3478607535,3.070766784405,0.6851460008464,157.5333333333,5.0,0,2023.0
6,0.7621276595745,2.019149005413,0.0,56,135.2053237855,2.40546428485,0.5021276595745,156.6666666667,5.0,0,2023.0
7,0.6796238244514,3.356321871281,0.2288401275873,96,115.5642644316,2.729950470715,0.3588296760711,159.5,5.0,0,2023.0
8,0.6984563332628,4.167900145054,0.3087333440781,118,164.8636057377,3.208864431868,0.4472404313808,157.6333333333,5.0,0,2023.0
9,0.8016407236012,2.994320578873,0.07677745074034,101,205.9171228856,3.301084271944,0.6299957930164,158.4666666667,5.0,0,2023.0
10,0.8574693538334,4.398504152894,0.2275088354945,92,203.1653900966,3.137984362936,0.6430500727197,160.4333333333,5.0,0,2023.0
11,0.8919141914191,3.538572661579,0.0,88,207.3453002125,2.988237635445,0.6555280528053,161.6,5.0,0,2023.0
12,0.8590814196242,2.971816308796,0.0,71,187.9102312177,2.959941647583,0.6202505219207,159.6666666667,5.0,0,2023.0
13,0.809124386252,2.464198082685,0.0,64,165.1759442091,2.742788885065,0.5527823240589,162.9333333333,5.0,0,2024.0
14,0.7065015479876,2.862745136023,0.1506707966328,89,138.9184744954,2.841596763175,0.4701754385965,161.5,5.0,0,2024.0
15,0.7310231023102,4.667904362082,0.07528878003359,121,152.459779568,3.010906935075,0.463902640264,161.6,5.0,0,2024.0
16,0.8025856761748,4.119638986886,0.0,97,202.7611406818,3.243593991397,0.6105068746152,162.4333333333,5.0,0,2024.0
17,0.8458230958231,3.886158823967,0.1494676470757,99,194.6068764925,3.067083418903,0.6625716625717,162.8,5.0,0,2024.0
18,0.8361500412201,3.911788880825,0.0,94,189.3456271738,3.046330090018,0.6096455070074,161.7333333333,5.0,0,2024.0
19,0.8188314417823,4.065784037113,0.3068516254425,87,184.4945397973,3.015143301606,0.6168558217739,158.6,5.0,0,2024.0
1,0.1217517424761,2.455783444457,0.0,0,22.49909383245,3.89859939588,0.02050682889489,827.3666666667,115.0,0,2023.0
2,0.237574392794,2.906144516543,0.02935499511659,1344,34.97647668142,2.968802362196,0.1984075920862,828.9333333333,115.0,0,2023.0
3,0.7604949182501,7.082111430354,0.02932551316917,589,199.0322578792,4.121938951967,0.4590848833005,829.7666666667,115.0,0,2023.0
4,0.8933397683398,1.937741316855,0.01467985846102,278,169.0532500371,3.252565336307,0.8100466537967,828.8,115.0,0,2023.0
5,0.916676725005,0.895795641467,0.01468517445028,74,83.11808738858,2.579432595809,0.6062764031382,828.5,115.0,0,2023.0
6,0.7957205486064,1.086353220046,0.0,147,27.79008980468,2.050905318791,0.3365643727627,828.7666666667,115.0,0,2023.0
7,0.7148385536341,1.88333940506,0.0,367,40.69778745621,2.12635750081,0.2291288749143,826.9,115.0,0,2023.0
8,0.7333360265008,4.511998157948,0.01474509201944,435,83.54569138214,2.726254496733,0.3109800436293,825.1333333333,115.0,0,2023.0
9,0.7934065043943,3.296545368619,0.0,484,126.3922103215,2.988612220438,0.5299096836904,823.0333333333,115.0,0,2023.0
10,0.8687999351097,4.189276879653,0.04440929554403,430,128.6685322896,3.02385966079,0.5963418096281,821.9,115.0,0,2023.0
11,0.8787804778768,3.075466998853,0.02971465699375,356,119.7054956993,2.924387034273,0.6317417674116,818.9,115.0,0,2023.0
12,0.870020708978,3.112437659875,0.0,276,99.77585869655,2.737803165929,0.5742883826694,820.9,115.0,0,2023.0
13,0.8292851340374,2.668562103063,0.0,300,79.58245205134,2.564592268387,0.5026807473599,820.6666666667,115.0,0,2024.0
14,0.7970363718006,2.801159348339,0.04469935130328,384,73.96252662316,2.589511536258,0.4491162183124,816.5666666667,115.0,0,2024.0
15,0.8071240971766,3.999302292243,0.0,439,92.82275769673,2.82068146014,0.4816562705187,812.2666666667,115.0,0,2024.0
16,0.83542164702,3.430055145174,0.03008820302784,416,103.74412404,2.905624521761,0.5563020361058,808.7333333333,115.0,0,2024.0
17,0.8613791965685,3.567804970779,0.0,372,101.8706170348,2.87785476588,0.5991503753196,808.2,115.0,0,2024.0
18,0.8590330159515,3.219570459798,0.0,369,86.17616632581,2.744738723803,0.5724413668027,808.7,115.0,0,2024.0
19,0.8579596873715,3.588440878317,0.0150143969804,366,89.08041728474,2.742587386713,0.5432332373509,810.3333333333,115.0,0,2024.0
1,0.125748502994,2.185628652573,0.0,0,65.56885957718,3.703136761983,0.02994011976048,5.566666666667,0.25,2,2023.0
2,0.1181434599156,0.0,0.0,3,86.24472427368,2.795354677098,0.126582278481,7.9,0.25,2,2023.0
3,0.2939481268012,5.259366035461,0.0,16,161.9884738922,3.79294548432,0.1095100864553,11.56666666667,0.25,2,2023.0
4,0.5098522167488,5.394088625908,0.8990147709846,14,258.0172392726,3.838752344611,0.2906403940887,13.53333333333,0.25,2,2023.0
5,0.7796610169492,4.418886303902,2.651331782341,6,311.0895957947,3.768379482053,0.5714285714286,13.76666666667,0.25,2,2023.0
6,0.5947368421053,0.0,0.9605262875557,5,252.6184136271,3.013821021645,0.5236842105263,12.66666666667,0.25,2,2023.0
7,0.4556074766355,3.41121506691,0.0,11,202.1144927144,3.311804284805,0.2616822429907,14.26666666667,0.25,2,2023.0
8,0.5150115473441,5.057736754417,1.685912251472,12,236.8706713319,3.832590962205,0.3441108545035,14.43333333333,0.25,2,2023.0
9,0.5595238095238,1.738095283508,0.8690476417542,10,248.5476255417,3.548254935792,0.447619047619,14.0,0.25,2,2023.0
10,0.7539682539683,4.345237970352,0.0,5,291.1309440136,3.236848059453,0.5079365079365,8.4,0.25,2,2023.0
11,0.687898089172,2.324840784073,2.324840784073,4,290.6050980091,2.900034140657,0.5286624203822,5.233333333333,0.25,2,2023.0
12,0.8382352941176,5.367647171021,5.367647171021,1,348.8970661163,3.70313964392,0.5294117647059,2.266666666667,0.25,2,2023.0
13,0.4418604651163,6.366278886795,2.122092962265,8,275.8720850945,3.381585979148,0.2906976744186,5.733333333333,0.25,2,2024.0
14,0.485401459854,2.66423368454,2.66423368454,3,183.8321242332,3.69866161687,0.3759124087591,9.133333333333,0.25,2,2024.0
15,0.4265734265734,1.276223778725,0.0,5,218.2342661619,2.74899548683,0.3286713286713,9.533333333333,0.25,2,2024.0
16,0.5424354243542,6.734317541122,0.0,6,253.2103395462,3.600300364754,0.2619926199262,9.033333333333,0.25,2,2024.0
17,0.3653136531365,1.346863508224,0.0,3,176.4391195774,3.766663568188,0.3210332103321,9.033333333333,0.25,2,2024.0
18,0.4,2.607142925262,0.0,4,175.9821474552,3.632199108601,0.3357142857143,9.333333333333,0.25,2,2024.0
19,0.3067226890756,1.533613443375,0.0,6,164.0966384411,3.550894758473,0.2394957983193,7.933333333333,0.25,2,2024.0
1,0.1661954765751,3.169426605105,0.0,0,38.47536483407,3.871662694223,0.0359450726979,165.0666666667,5.0,2,2023.0
2,0.2504105090312,1.573275849223,0.0,155,80.9862472862,2.936857673184,0.2606732348112,162.4,5.0,2,2023.0
3,0.619272652558,6.374563276768,0.2999794483185,128,165.1386862993,3.801123593173,0.3349085679063,162.2333333333,5.0,2,2023.0
4,0.7820646506778,3.425443097949,0.2283628731966,126,240.770589307,3.492768347613,0.666110531804,159.8333333333,5.0,2,2023.0
5,0.8817315658658,2.268019840121,0.07560066133738,23,213.8742709234,3.156287025644,0.6886909693455,160.9333333333,5.0,2,2023.0
6,0.7831794871795,1.796923041344,0.07487179338932,57,140.8338433653,2.431176914539,0.5224615384615,162.5,5.0,2,2023.0
7,0.6995460173339,3.088113807142,0.0,92,122.6207140982,2.624826781729,0.3431696244325,161.5333333333,5.0,2,2023.0
8,0.69,3.947959117591,0.0,108,164.1755074561,3.197907431596,0.4238775510204,163.3333333333,5.0,2,2023.0
9,0.7503025413473,2.723880693316,0.22085519135,115,201.8616448939,3.256133392229,0.6030657523195,165.2666666667,5.0,2,2023.0
10,0.8288270377734,4.71669960767,0.1451292186975,102,206.3737489879,3.261733645242,0.6115308151093,167.6666666667,5.0,2,2023.0
11,0.8628683693517,3.657170757651,0.1434184610844,111,215.4862377793,3.11334230687,0.6461689587426,169.6666666667,5.0,2,2023.0
12,0.8585661261965,3.066028468311,0.1426059752703,70,211.5559643134,3.06485965987,0.6571596014847,170.6333333333,5.0,2,2023.0
13,0.8149529042386,3.437990427017,0.0,66,179.2052510083,2.804396505072,0.5837912087912,169.8666666667,5.0,2,2024.0
14,0.7253937007874,2.586614280939,0.0,97,141.9763838649,2.726308705331,0.4972440944882,169.3333333333,5.0,2,2024.0
15,0.75483234714,5.255423791707,0.07199210673571,136,153.1272110268,3.126289696833,0.4869822485207,169.0,5.0,2,2024.0
16,0.8480987847903,4.006272017956,0.2146217152476,111,213.0478226691,3.334340115218,0.656213249706,170.0666666667,5.0,2,2024.0
17,0.8784627389778,3.417869567871,0.07120561599731,100,207.7779874802,3.131813539311,0.7091299258681,170.8666666667,5.0,2,2024.0
18,0.866351271437,4.388921581209,0.07194953411818,96,175.7007623166,2.947463924595,0.6637098363887,169.1,5.0,2,2024.0
19,0.8590196078431,4.007843315601,0.07156863063574,86,179.8519687876,2.966213741114,0.603137254902,170.0,5.0,2,2024.0
1,0.1121866966581,2.257792439312,0.01466098986566,0,20.77462263964,3.897009752363,0.01940070694087,829.8666666667,115.0,2,2023.0
2,0.2114097992869,2.38351823017,0.0,1326,32.76971996203,2.963796249479,0.1834862385321,832.0333333333,115.0,2,2023.0
3,0.7510629763337,7.510830111802,0.01464099436998,606,190.1279528886,4.109166612147,0.4280786201364,831.0,115.0,2,2023.0
4,0.8904861055498,2.03151273448,0.0438455985859,321,180.6292509744,3.322329834289,0.8160486906383,832.4666666667,115.0,2,2023.0
5,0.9284883020988,0.9813796691597,0.01464745774865,64,90.09651261196,2.632810285614,0.6283157430073,830.6333333333,115.0,2,2023.0
6,0.8029726373142,1.038219597191,0.0,161,31.07347385958,2.058973299531,0.3548736028204,832.0333333333,115.0,2,2023.0
7,0.7315283703497,1.979345329106,0.0,385,42.33761442918,2.141306373781,0.2321862913194,835.9666666667,115.0,2,2023.0
8,0.7553301924459,4.342809339985,0.0,485,87.29338237084,2.737511529789,0.3313103888845,834.8666666667,115.0,2,2023.0
9,0.8124700239808,3.705435568467,0.0,498,125.7368077347,3.027138636613,0.55,834.0,115.0,2,2023.0
10,0.8862873581589,4.010508116335,0.0,395,129.4446183294,3.02335426986,0.6199057056097,834.2666666667,115.0,2,2023.0
11,0.8819975191069,3.008683077991,0.0,338,111.9639052227,2.844478186803,0.6270657436677,833.0333333333,115.0,2,2023.0
12,0.8693515521994,3.120779933408,0.0,294,90.75053049345,2.674497143837,0.5513604219106,834.3,115.0,2,2023.0
13,0.8286559526665,2.81622298155,0.0,310,78.94179445691,2.612100600253,0.4901655073159,833.8,115.0,2,2024.0
14,0.8018198580992,3.116406843066,0.0,420,79.21233168244,2.651054338623,0.470317072193,831.5666666667,115.0,2,2024.0
15,0.8322899109078,3.984268352389,0.0146480454132,437,96.70639581792,2.839909131637,0.5046151376515,830.6,115.0,2,2024.0
16,0.8539100429322,3.793082736433,0.0,439,103.2626500949,2.888910712453,0.585884524335,830.7666666667,115.0,2,2024.0
17,0.8720538720539,3.730759983882,0.04389129392803,389,110.2988216411,2.88321769706,0.5911095077762,831.6,115.0,2,2024.0
18,0.8671625079974,3.167186558247,0.01459532976151,343,92.12572145462,2.769926996323,0.5835732565579,833.6,115.0,2,2024.0
19,0.850574254267,3.449712848291,0.01455575041473,374,81.97798633575,2.701048450797,0.5386824054873,835.8666666667,115.0,2,2024.0
